u,g,i,r,z,CLASS
21.8018,19.5803,18.3485,17.8235,17.3507,GALAXY
18.3859,17.4223,17.0894,16.9578,16.92,STAR
20.6708,19.931,19.5082,19.1597,18.9971,QSO
21.3293,20.0732,19.5805,19.2514,19.1346,GALAXY
21.9591,20.004,18.7645,18.3032,17.9719,GALAXY
22.1551,19.9627,18.6962,18.2083,17.8704,GALAXY
21.3516,19.8684,18.9706,18.5146,18.1806,GALAXY
20.067,19.1091,18.7814,18.4625,18.3944,GALAXY
20.5011,19.2966,18.7367,18.3443,18.1152,GALAXY
20.5552,19.1024,18.3137,17.9144,17.6411,GALAXY
24.9805,21.5809,20.6954,20.347,20.2012,STAR
21.6701,19.2813,18.0475,16.9665,17.1997,STAR
20.9834,19.0493,18.0165,17.4885,17.0557,GALAXY
20.363,18.4948,17.5922,17.1833,16.8925,GALAXY
24.2949,21.676,19.8263,19.1971,18.7514,GALAXY
20.34,18.7808,18.0472,17.7163,17.5555,STAR
21.215,19.2747,18.2488,17.6833,17.2674,GALAXY
21.6519,20.0192,18.9676,18.4543,18.1469,GALAXY
20.6343,19.4001,18.6935,18.2812,18.0079,GALAXY
25.6623,21.4707,20.6525,20.3415,19.9818,STAR
22.0222,19.6103,18.1042,17.1383,16.6196,STAR_LATE
21.8666,19.6559,19.3349,19.2701,19.249,HIZ_QSO
21.3472,19.9652,19.3547,18.973,18.7117,GALAXY
22.2135,20.0023,18.7988,18.3231,17.9781,GALAXY
25.8224,21.7273,19.8377,19.215,18.7627,GALAXY
21.3705,19.7697,19.0067,18.4989,18.2447,GALAXY
23.8844,21.9289,20.8522,20.3745,20.5994,STAR
25.0758,21.6092,20.7042,20.4242,20.4513,STAR
21.8339,19.3528,17.9237,16.6719,16.007,STAR_LATE
22.7625,21.1761,19.6297,19.0019,18.6066,GALAXY
21.906,19.3608,17.9027,16.5449,15.772,STAR_LATE
21.2102,19.2018,18.1897,17.7299,17.3569,GALAXY
19.0044,18.5826,18.6035,18.7091,18.813,STAR
24.531,21.4894,20.5034,20.1574,20.0504,STAR
26.0892,23.9607,22.2732,19.8649,18.5963,STAR_LATE
20.9893,19.7504,18.9325,18.5158,18.1963,GALAXY
20.0641,18.1489,17.2739,16.859,16.514,GALAXY
20.7475,19.0849,18.3039,17.903,17.606,GALAXY
21.7668,19.8008,18.6959,18.2163,17.8843,GALAXY
25.256,21.4751,20.5812,20.278,20.1076,STAR
21.5397,20.4726,19.8398,19.4342,19.1292,GALAXY
19.1481,17.9068,17.2539,16.807,16.495,GALAXY
20.995,18.9718,18.0029,17.5174,17.1674,GALAXY
22.1217,20.3087,19.3098,18.7813,18.4151,GALAXY
20.0921,19.9178,19.7078,19.4469,19.5534,QSO
20.2377,18.5297,17.8538,17.4113,17.1264,GALAXY
20.5945,19.5804,19.1716,18.9126,18.7413,GALAXY
21.7985,19.5938,18.4169,17.8124,17.2934,GALAXY
20.9983,18.8416,17.7097,17.1847,16.7689,GALAXY
22.106,19.9958,18.9379,18.4653,18.0643,GALAXY
20.5318,19.4418,19.0048,18.7363,18.523,GALAXY
21.0815,19.6717,19.0218,18.6123,18.3531,GALAXY
20.3011,19.1466,18.4611,18.0207,17.783,GALAXY
21.5807,19.6776,18.6117,18.1767,17.8208,GALAXY
19.9528,18.8597,18.3948,18.0273,17.9053,GALAXY
20.408,19.8354,19.3962,19.0383,18.9129,QSO
21.34,20.1853,19.5032,19.1563,18.9069,GALAXY
19.24,18.9183,19.0422,18.8583,18.766,QSO
20.9563,19.4995,18.7778,18.3961,18.1131,GALAXY
21.348,19.6105,18.6738,18.2861,18.1071,GALAXY
19.3129,17.4151,16.4945,16.0322,15.646,GALAXY
25.3497,21.5166,19.7418,19.1059,18.6825,GALAXY
20.5639,18.5325,17.5063,17.0104,16.6237,GALAXY
20.8373,19.7331,19.2849,19.06,18.9193,GALAXY
24.2496,22.2505,20.5435,19.5948,19.1398,GALAXY
20.4185,18.662,17.8209,17.413,17.128,GALAXY
20.828,19.367,18.5429,18.1,17.78,GALAXY
17.8909,16.963,16.6959,16.582,16.56,STAR
21.2878,19.7802,18.6522,18.2573,18.0065,GALAXY
19.9419,18.1623,17.3352,16.9463,16.6416,GALAXY
21.1043,19.76,19.0749,18.653,18.4247,GALAXY
20.7335,19.4001,18.6479,18.204,17.916,GALAXY
23.4581,21.4637,19.8248,19.1289,18.7055,GALAXY
21.5075,20.3149,20.2546,20.3104,20.4952,STAR
18.3366,17.4039,17.1189,17.002,16.9461,STAR
19.7496,18.179,17.3399,16.8894,16.5355,GALAXY
21.5318,19.7448,18.8699,18.4493,18.1192,GALAXY
21.1426,19.4098,18.4519,18.0004,17.6464,GALAXY
20.29,18.6688,17.8729,17.4424,17.1054,GALAXY
21.7292,19.8148,18.7159,18.24,17.8729,GALAXY
18.7617,17.301,16.6889,16.3884,16.2005,STAR
20.5711,18.603,17.7419,17.2924,16.9225,GALAXY
23.3877,20.9854,19.3039,18.706,18.2828,GALAXY
21.1207,19.2929,18.2719,17.767,17.356,GALAXY
21.5161,20.4484,19.6806,19.2456,18.9361,GALAXY
21.9499,20.1338,19.0939,18.593,18.2638,GALAXY
20.7715,19.4668,18.8219,18.4463,18.1902,GALAXY
21.7348,19.7668,18.6858,18.1367,17.6769,GALAXY
23.6521,20.7846,20.4556,20.3757,20.0035,HIZ_QSO
22.1603,20.1089,18.9179,18.3944,17.9993,GALAXY
20.3206,18.9598,18.2168,17.7777,17.5119,GALAXY
21.3093,19.8309,18.9889,18.5504,18.1903,GALAXY
20.6072,18.5466,17.4244,16.9624,16.6118,GALAXY
22.3452,21.248,19.4979,18.9012,18.473,GALAXY
21.744,19.6038,18.375,17.8582,17.5013,GALAXY
21.4781,19.5693,18.5406,18.0793,17.763,GALAXY
18.7739,18.0507,17.4549,17.2372,16.8003,QSO
21.3856,19.2808,18.135,17.6662,17.2864,GALAXY
21.2377,19.6754,18.5987,18.0834,17.7001,GALAXY
20.3409,20.3657,20.6545,20.9552,21.5689,STAR
21.8396,19.3177,17.8539,16.7982,16.2264,STAR_LATE
21.1804,19.2288,18.322,17.9052,17.5513,GALAXY
20.2995,20.0855,20.0092,19.8242,19.5811,QSO
20.7025,19.4461,18.8259,18.473,18.2449,GALAXY
20.1021,18.1042,17.211,16.81,16.4531,GALAXY
20.3839,18.2868,17.346,16.9032,16.5434,GALAXY
19.8185,17.8443,16.941,16.5241,16.2001,GALAXY
25.1745,21.2057,20.4289,20.2338,19.9741,STAR
20.4959,19.4544,19.1002,18.8213,18.7591,GALAXY
25.6818,22.2264,20.5145,19.712,19.3625,GALAXY
21.064,19.3444,18.5773,18.1973,17.8776,GALAXY
21.2625,19.6063,18.83,18.4681,18.1569,GALAXY
21.1871,19.646,18.863,18.4311,18.1419,GALAXY
24.2892,21.5407,19.9259,19.2484,18.9118,GALAXY
21.1742,19.619,18.711,18.2981,17.933,GALAXY
21.0851,19.5463,18.7681,18.3365,18.0154,GALAXY
20.5574,19.1081,18.391,17.9201,17.591,GALAXY
21.6718,19.8329,19.1897,18.9052,18.8121,STAR
20.1799,18.0732,17.154,16.6811,16.2771,GALAXY
21.8757,19.9369,18.8849,18.2698,17.8839,GALAXY
22.2926,20.468,19.026,18.2751,17.867,STAR_LATE
20.2804,18.301,17.383,16.9501,16.6111,GALAXY
24.2496,21.0314,20.2917,20.0114,19.8723,STAR
21.6054,20.0919,19.2839,18.8987,18.5396,GALAXY
20.4326,18.9842,18.4264,18.0369,17.8182,GALAXY
23.4402,21.2414,19.702,18.8689,18.7176,GALAXY
21.3234,19.781,18.8819,18.3761,18.0349,GALAXY
23.9631,21.5815,19.8599,19.2048,18.8204,GALAXY
19.6167,18.399,17.994,17.8281,17.758,STAR
20.8054,18.7472,17.7181,17.2805,16.8575,GALAXY
20.6975,19.2536,18.5448,18.1054,17.8321,GALAXY
19.586,17.7554,16.8611,16.4371,16.0962,GALAXY
21.3043,19.8309,19.108,18.7292,18.533,GALAXY
21.4138,21.1952,20.3468,21.3599,20.3853,GALAXY
25.2569,22.445,20.9771,19.0662,17.9753,STAR_LATE
19.3286,19.157,18.979,18.9152,18.9326,QSO
25.6542,22.3499,20.6403,19.9531,19.5208,GALAXY
19.7832,18.7648,18.017,17.4872,17.3124,QSO
20.641,18.835,17.9961,17.6052,17.2984,GALAXY
21.9219,19.9146,18.7178,18.2394,17.8761,GALAXY
21.2868,19.2004,18.0001,17.5361,17.2061,GALAXY
21.9362,21.0314,20.4297,20.2747,20.0469,QSO
24.8393,23.2853,21.5433,19.466,18.3069,STAR_LATE
19.039,18.7834,18.5891,18.5351,18.4098,QSO
20.9181,19.7787,19.0394,18.6165,18.3756,GALAXY
20.3839,18.5858,17.7155,17.2875,16.9688,GALAXY
20.4456,20.3763,20.3728,20.1826,20.0654,QSO
21.481,19.7677,18.7844,18.3645,18.0417,GALAXY
18.6404,17.4752,17.4702,17.5173,17.6034,STAR
23.4996,21.0047,19.3292,18.7193,18.3342,GALAXY
22.2823,20.3996,19.3299,18.7665,18.319,GALAXY
21.6294,19.5419,18.5555,18.0965,17.7878,GALAXY
19.6855,18.4118,17.8709,17.6835,17.5702,STAR
23.2266,22.2385,20.4132,19.7543,19.3402,GALAXY
22.5649,20.3649,19.1046,18.6056,18.2218,GALAXY
21.2798,19.3501,18.2601,17.8113,17.4414,GALAXY
22.0865,19.6782,18.2222,17.1833,16.6425,STAR_LATE
20.9724,19.7929,18.9635,18.5085,18.2637,GALAXY
21.2808,19.5131,18.6891,18.2743,17.9323,GALAXY
20.616,19.6307,19.1579,18.9194,18.7387,GALAXY
20.6584,19.6171,19.1216,18.7766,18.5966,GALAXY
21.7414,20.3418,19.6965,19.3204,19.016,GALAXY
22.2668,20.8145,19.2715,18.7375,18.3866,GALAXY
21.7355,19.3669,17.9066,16.9035,16.3669,STAR_LATE
17.8737,16.235,15.3031,15.5192,15.4634,STAR
21.2605,20.1154,19.1195,18.6469,18.2989,GALAXY
21.9522,19.3897,17.9465,16.7445,16.0777,STAR_LATE
22.4426,20.4949,19.157,18.6198,18.2409,GALAXY
21.3016,19.9057,18.8615,18.3895,18.0785,GALAXY
21.7556,19.6337,18.4565,17.9975,17.6416,GALAXY
23.1398,20.4539,19.8735,19.6094,19.422,STAR
21.5335,19.4106,19.2725,19.2749,19.1729,HIZ_QSO
21.1143,19.2183,18.2212,17.7217,17.3045,GALAXY
19.7942,19.2074,19.1424,19.0268,18.8823,GALAXY
20.8056,19.0846,18.1744,17.7345,17.3806,GALAXY
23.6697,21.5556,19.7845,19.1135,18.7075,GALAXY
21.25,19.777,19.1156,18.7486,18.5506,GALAXY
21.8398,20.0316,19.2805,18.8859,18.5987,GALAXY
19.6231,19.1375,19.0833,19.1173,19.2152,STAR
22.2269,20.1972,18.8863,18.3544,17.9894,GALAXY
20.0369,19.6501,19.6896,19.5944,19.5633,QSO
20.0042,18.7652,18.1412,17.8123,17.5464,GALAXY
25.7747,21.767,20.819,20.5537,20.7396,STAR
21.8091,20.213,19.0906,18.6026,18.2288,GALAXY
19.7393,19.1992,19.26,19.376,19.444,STAR
20.8552,19.1189,18.2006,17.6874,17.3045,GALAXY
21.5031,19.856,19.1007,18.5634,18.2793,GALAXY
19.2472,17.5652,16.691,16.2391,15.8721,GALAXY
20.5356,19.3131,18.726,18.3361,18.078,GALAXY
21.1835,19.3302,18.3481,17.9031,17.5791,GALAXY
21.5722,20.0073,19.3551,18.8755,18.5152,GALAXY
18.2649,17.3265,16.9926,16.869,16.7913,STAR
18.9865,17.9921,17.7217,17.5915,17.5785,STAR
23.3211,21.521,19.7711,19.1465,18.759,GALAXY
20.7615,18.9432,18.0811,17.6551,17.3331,GALAXY
21.4172,19.3024,18.2982,17.8656,17.4636,GALAXY
21.1116,19.7351,19.024,18.6141,18.2789,GALAXY
24.6346,23.2469,21.4717,19.8079,19.5745,STAR_LATE
20.8484,18.7492,17.6421,17.1661,16.7642,GALAXY
23.7723,22.4007,20.6322,20.096,19.7806,GALAXY
21.4076,20.1452,19.2474,18.7759,18.456,GALAXY
21.5253,19.6559,18.6097,18.1381,17.7552,GALAXY
20.4034,19.0669,18.3047,17.8141,17.5352,GALAXY
19.9248,18.8567,18.2905,17.8295,17.6586,GALAXY
20.1089,18.1058,17.1105,16.6909,16.3277,GALAXY
20.6041,19.1424,18.3182,17.826,17.5512,GALAXY
20.9625,19.0894,18.1752,17.766,17.4162,GALAXY
21.0195,18.9759,17.9097,17.4641,17.1102,GALAXY
23.8309,20.691,19.995,19.7377,19.6023,STAR
21.0521,19.6999,18.9455,18.5609,18.3485,GALAXY
20.0103,18.8218,18.3076,17.965,17.8261,GALAXY
23.3649,20.9411,19.8133,19.2587,18.8519,STAR_LATE
18.7961,17.8388,17.4685,17.3559,17.2757,STAR
22.9363,21.6102,19.9616,19.344,18.9464,GALAXY
20.8615,18.8389,17.8276,17.4129,17.0178,GALAXY
20.5178,19.3968,19.1205,18.8855,18.854,GALAXY
18.1765,16.2438,15.4257,15.094,14.9012,STAR
23.4812,21.5382,19.9773,19.3624,18.9208,GALAXY
21.1122,19.6769,18.8337,18.396,18.0521,GALAXY
21.4866,18.6649,17.2877,16.6351,16.2253,STAR_LATE
21.3722,19.7941,18.7868,18.2505,17.8485,GALAXY
23.5959,21.4092,19.863,19.2691,18.9514,GALAXY
21.3005,20.0003,19.5861,19.3321,19.144,GALAXY
20.0736,18.9754,18.4631,18.1482,17.9781,GALAXY
20.9743,19.8382,19.416,19.0351,18.8994,GALAXY
24.9987,21.9143,20.0619,19.3401,18.9993,GALAXY
22.5522,20.6419,19.9526,19.5194,19.303,GALAXY
23.7432,20.9181,19.2062,18.5966,18.2274,GALAXY
19.4683,19.1455,18.8562,18.7836,18.6162,QSO
19.6935,17.7083,16.7991,16.3692,16.0122,GALAXY
20.5819,18.724,17.7397,17.2135,16.8025,GALAXY
20.8997,19.3124,18.3761,17.7862,17.4612,GALAXY
21.4684,19.4903,18.4991,18.0682,17.7261,GALAXY
23.2779,21.2405,19.5521,18.9701,18.5268,GALAXY
21.6648,19.8655,18.8092,18.3236,17.9765,GALAXY
22.807,21.6055,19.9217,19.2592,18.8382,GALAXY
23.5255,21.7231,20.2305,19.5933,19.2062,GALAXY
21.1748,19.5263,18.6221,18.1961,17.8721,GALAXY
21.2843,19.9682,19.479,19.2101,18.9853,GALAXY
20.6979,19.5664,19.1612,18.8909,18.7137,GALAXY
21.2548,19.128,18.1826,17.751,17.4318,GALAXY
21.5307,19.69,18.4938,18.0271,17.6532,GALAXY
19.3341,18.2756,18.1793,18.216,18.1981,STAR
21.4321,19.8131,18.9257,18.5476,18.2695,GALAXY
20.4742,19.516,19.1276,18.8995,18.7891,GALAXY
21.3729,20.296,19.8477,19.588,19.3844,GALAXY
21.2584,19.4721,18.3029,17.8111,17.4603,GALAXY
20.2746,19.0921,18.5856,18.335,18.1307,GALAXY
16.6573,15.5342,15.4677,15.493,15.5279,STAR
20.4148,20.2859,20.0966,20.1137,20.0458,QSO
20.6139,19.5821,18.9998,18.6251,18.398,GALAXY
21.8646,20.6248,19.8777,19.507,19.3575,GALAXY
23.8719,23.685,22.8929,20.4661,18.6503,STAR_LATE
21.5484,19.5551,18.6607,18.2336,17.9286,GALAXY
21.369,19.8581,19.0108,18.5041,18.1431,GALAXY
21.6567,19.854,18.8758,18.3831,18.0521,GALAXY
21.1209,19.6649,18.6885,18.1559,17.7427,GALAXY
20.7792,18.9346,18.0343,17.667,17.3703,GALAXY
21.0465,19.6654,18.9141,18.4672,18.204,GALAXY
20.3988,19.4423,19.1578,18.8395,18.785,GALAXY
24.806,21.5531,19.8402,19.1976,18.7831,GALAXY
21.4829,19.8452,18.8778,18.4405,18.1175,GALAXY
21.7772,19.8523,18.6981,18.2082,17.8661,GALAXY
19.8786,17.9534,17.0321,16.6032,16.2842,GALAXY
20.1259,18.9475,18.2602,17.7692,17.4842,GALAXY
21.834,19.8774,18.6372,18.1172,17.7592,GALAXY
22.2759,20.1473,18.8971,18.4062,18.0321,GALAXY
21.4664,19.6974,18.7199,18.3266,18.0545,GALAXY
21.527,19.6214,18.7699,18.3166,18.0225,GALAXY
20.0488,18.6784,18.0542,17.6912,17.4782,GALAXY
20.8701,19.6532,19.3578,19.0735,18.9847,GALAXY
24.2511,21.6244,19.8966,19.2854,18.9987,GALAXY
21.5672,20.2603,19.7581,19.4931,19.3445,GALAXY
21.9997,20.3124,19.5831,19.2021,18.9035,GALAXY
19.9908,18.7524,18.1182,17.7652,17.4912,GALAXY
21.9327,19.7995,18.6472,18.1432,17.8032,GALAXY
21.1266,19.2892,18.3009,17.8783,17.5278,GALAXY
23.1736,21.4634,19.8482,19.1556,18.7601,GALAXY
20.6397,19.5555,18.9512,18.5672,18.35,GALAXY
22.9522,21.2206,19.8217,18.8773,18.5543,STAR_LATE
22.1817,19.8137,18.6804,18.2101,17.8633,GALAXY
18.6139,17.8369,18.1945,18.1171,18.0773,GALAXY
19.9626,18.6934,18.028,17.6304,17.3759,GALAXY
20.284,19.2639,18.8604,18.6027,18.4265,GALAXY
21.8069,19.87,18.7269,18.2542,17.8944,GALAXY
20.9228,19.2311,18.4165,17.9838,17.6788,GALAXY
19.4023,18.2794,17.859,17.7302,17.6423,STAR
20.7257,20.2705,20.1038,20.1348,20.2064,STAR
20.9643,19.0728,18.1774,17.7691,17.4643,GALAXY
21.5451,19.6621,18.4279,17.9622,17.5925,GALAXY
20.8809,19.2973,18.4609,17.9422,17.6113,GALAXY
23.1974,21.3742,19.6869,19.0531,18.6888,GALAXY
21.9289,20.387,19.0557,18.548,18.1977,GALAXY
21.8303,19.9467,18.9534,18.5041,18.1682,GALAXY
19.6829,18.6593,18.3519,18.2092,18.2082,STAR
21.0861,19.121,18.087,17.6256,17.2656,GALAXY
22.028,19.6015,18.1024,17.1347,16.5693,STAR_LATE
21.0841,19.7083,18.9043,18.4962,18.1774,GALAXY
20.9362,19.9838,19.3419,19.0026,18.8039,GALAXY
21.4417,19.2868,18.1625,17.7154,17.3937,GALAXY
20.2135,19.0229,18.5357,18.2333,18.0796,GALAXY
21.3393,19.7192,18.8161,18.3011,17.9812,GALAXY
20.5423,19.3625,18.7654,18.3897,18.1631,GALAXY
22.7637,20.569,19.2341,18.6771,18.3381,GALAXY
22.9428,20.7572,19.5204,19.0017,18.6299,GALAXY
19.6474,19.4593,19.4433,19.2116,18.9145,QSO
22.4244,21.0562,19.7537,19.2435,18.8189,GALAXY
21.3648,19.7457,18.8276,18.3302,17.9426,GALAXY
24.0824,21.7809,20.1357,19.4411,19.0298,GALAXY
24.4203,21.2736,20.556,20.3241,20.0251,STAR
24.4729,22.2032,20.8455,20.0299,19.5629,STAR_LATE
18.5613,18.4539,18.2289,18.2476,18.3023,QSO
24.8263,21.0527,20.3946,20.1957,19.9781,STAR
20.8414,19.5839,18.9649,18.6046,18.3823,GALAXY
22.0605,20.1225,18.9905,18.5062,18.0845,GALAXY
20.7196,19.5597,19.1336,18.7942,18.6003,GALAXY
22.3265,19.8256,18.4275,17.3502,16.7957,STAR_LATE
21.0361,19.2737,18.394,18.0282,17.712,GALAXY
21.6712,19.6247,18.451,17.9768,17.6289,GALAXY
20.5692,20.0566,20.1248,20.2663,20.3926,STAR
21.1966,19.1276,18.164,17.7108,17.3909,GALAXY
20.328,19.8277,19.8655,19.652,19.5989,QSO
21.27,19.95,19.1828,18.7773,18.5065,GALAXY
20.3625,20.1067,19.914,19.6611,19.5954,QSO
21.335,19.6476,18.659,18.1938,17.8248,GALAXY
20.6055,19.9094,19.3908,19.0077,18.936,QSO
21.2319,19.2478,18.1701,17.6893,17.2752,GALAXY
19.7908,19.0968,18.8361,18.4372,18.4668,GALAXY
20.4768,20.4348,20.19,20.3007,20.3783,QSO
21.7742,20.0466,18.839,18.3598,17.9918,GALAXY
21.4332,20.2364,19.6098,19.2661,19.0231,GALAXY
23.7722,21.8431,19.9999,19.3701,19.0631,GALAXY
20.8449,19.2399,18.4276,17.9931,17.6923,GALAXY
21.6236,19.7308,18.6765,18.2068,17.8628,GALAXY
19.7273,18.1207,17.6114,17.3198,17.0568,STAR
21.5276,19.6799,18.6695,18.2849,17.9608,GALAXY
19.5577,19.3962,19.359,19.1211,19.1252,QSO
24.014,21.8475,19.9999,19.335,18.9585,GALAXY
21.3851,20.0398,19.4186,19.0971,18.8027,GALAXY
21.0412,19.5258,18.7406,18.3471,18.0842,GALAXY
20.2802,19.9723,19.6963,19.2806,19.1251,QSO
20.1323,19.1464,18.3934,17.9197,17.6532,GALAXY
19.793,19.3892,19.1973,18.8626,18.8915,QSO
20.8776,19.7261,19.677,19.7649,19.83,STAR
22.8749,20.6527,19.1455,18.5999,18.2557,GALAXY
21.4232,20.0062,19.0713,18.6266,18.276,GALAXY
22.7481,22.3308,20.5599,19.5735,19.143,GALAXY
21.6164,19.9223,18.9514,18.5107,18.1891,GALAXY
21.3102,20.2992,19.9442,19.7305,19.681,GALAXY
20.6068,18.0147,16.8764,16.4578,16.2639,STAR
22.2074,20.0342,18.6631,18.1401,17.8073,GALAXY
21.5118,19.7773,18.7284,18.2771,17.9774,GALAXY
22.668,20.5253,18.9837,18.4215,18.0513,GALAXY
20.6536,20.2964,19.8946,19.6773,19.5628,QSO
21.8969,20.191,18.7863,18.234,17.8764,GALAXY
24.7138,22.1888,20.4185,19.5504,19.1114,GALAXY
19.4866,19.3824,19.1584,19.27,19.3259,QSO
20.3043,20.0334,19.8643,19.57,19.7697,QSO
20.9052,20.5893,20.4933,20.5765,20.8164,STAR
22.7523,21.2698,19.5537,18.9535,18.5521,GALAXY
21.3684,19.4571,18.3227,17.8576,17.5447,GALAXY
22.0222,20.274,19.2417,18.7316,18.3605,GALAXY
19.6164,18.567,18.1942,17.8809,17.7633,GALAXY
21.045,19.6072,18.8767,18.4626,18.2266,GALAXY
21.8903,19.8583,18.6784,18.1931,17.8254,GALAXY
24.6974,21.6624,20.0166,19.4035,19.0937,GALAXY
23.0256,21.0485,19.3237,18.7136,18.3505,GALAXY
20.3773,19.386,19.1206,18.9095,18.8151,GALAXY
21.4985,19.6571,18.6583,18.211,17.8684,GALAXY
20.0589,20.0555,19.7093,19.7375,19.8156,QSO
20.2821,19.962,19.8289,19.6049,19.6263,QSO
18.2575,17.2457,16.8934,16.7738,16.7358,STAR
19.6983,18.5831,18.013,17.6181,17.3473,GALAXY
23.1538,22.2282,20.404,19.6256,19.2015,GALAXY
20.5571,20.7495,20.4442,20.4543,20.6505,QSO
20.9115,19.6908,19.3395,19.081,18.8916,GALAXY
20.2109,19.92,19.7379,19.4079,19.2089,QSO
20.9183,19.3367,18.4654,18.0628,17.7848,GALAXY
21.6907,21.1869,20.8247,20.3192,19.8146,QSO
21.7241,20.8676,19.9508,19.3549,18.9235,STAR_LATE
20.3103,19.3788,19.1085,18.8801,18.8097,GALAXY
19.4447,18.5211,17.9503,17.5226,17.2592,GALAXY
18.8988,17.0471,16.1403,15.6736,15.2792,GALAXY
20.065,19.765,19.7279,19.4949,19.6721,QSO
25.47,22.2254,20.556,19.7276,19.371,GALAXY
22.0511,21.0205,20.4237,20.1296,20.0458,GALAXY
21.2095,21.2768,20.541,20.7923,20.5484,QSO
21.3399,19.5611,18.459,18.0151,17.7082,GALAXY
21.5668,19.7592,18.6336,18.1744,17.8623,GALAXY
20.7727,20.5221,20.4852,20.2878,20.3931,QSO
23.1998,22.0204,20.9268,20.4108,20.3219,STAR
21.5662,18.9024,17.9916,17.6174,17.4614,STAR
21.4723,20.1279,19.3791,18.9749,18.6539,GALAXY
20.4805,18.5844,17.5646,17.0725,16.7514,GALAXY
20.9178,19.6544,18.8986,18.4584,18.1313,GALAXY
20.6732,18.9534,17.9396,17.4844,17.1464,GALAXY
23.1176,21.8774,20.5249,19.0629,18.7948,STAR_LATE
21.5405,19.9158,19.2141,18.8739,18.7318,GALAXY
20.9014,19.115,18.2182,17.8569,17.5623,GALAXY
21.1238,19.886,19.2991,18.9279,18.6799,GALAXY
19.8595,19.011,18.8466,18.6586,18.6442,GALAXY
21.5935,19.452,18.3972,17.9739,17.6883,GALAXY
19.6424,18.374,17.8592,17.6659,17.5963,STAR
21.3141,20.0859,19.8171,19.7127,19.6185,STAR
19.9199,18.6689,18.0081,17.6879,17.4623,GALAXY
20.3179,19.0457,18.4255,18.045,17.8192,GALAXY
24.1259,23.3736,21.8951,19.7185,18.6693,STAR_LATE
20.6697,18.6847,17.7005,17.2691,16.9403,GALAXY
20.2608,18.3216,17.6173,17.2728,17.0368,GALAXY
25.3913,22.7906,20.9816,19.8888,19.8864,STAR_LATE
23.8105,22.7419,21.0524,20.1406,19.6064,GALAXY
21.1982,20.5573,20.5759,20.6935,20.3602,HIZ_QSO
19.8246,19.6404,19.2612,19.1476,19.2573,QSO
21.1274,19.6096,18.7444,18.1653,17.7942,GALAXY
20.4273,20.2003,20.0761,19.9704,20.1696,QSO
22.9582,21.6267,19.8232,19.1806,18.881,GALAXY
21.3124,20.056,19.4312,19.0596,18.9144,GALAXY
21.2897,19.7329,18.7429,18.323,17.9691,GALAXY
23.5842,21.8275,20.1368,19.5119,19.0722,GALAXY
20.3109,18.264,17.172,16.599,16.0833,GALAXY
21.055,19.2317,18.2935,17.8811,17.5362,GALAXY
19.7649,19.5909,19.3359,19.3259,19.4013,QSO
17.9784,17.354,17.6632,17.9216,18.119,STAR
19.4406,18.6912,18.5689,18.6781,18.5583,GALAXY
20.6668,19.1199,18.449,18.542,18.0992,STAR
17.4243,16.5202,16.1685,16.0474,15.9964,STAR
22.3341,20.075,18.6604,18.1473,17.8092,GALAXY
21.7819,19.9122,18.7726,18.3044,17.9493,GALAXY
23.3735,21.736,20.0383,19.3783,18.8587,GALAXY
20.1753,18.8813,18.2496,17.8914,17.6363,GALAXY
22.9231,21.4337,19.8599,19.254,18.8537,GALAXY
20.2549,20.2051,20.2113,19.9241,19.8984,QSO
22.2117,19.9011,18.6465,18.1784,17.7913,GALAXY
21.297,19.3915,18.2539,17.7938,17.4592,GALAXY
21.9666,19.5403,18.1086,17.1844,16.6874,STAR_LATE
21.6088,19.46,17.9904,16.6923,15.9803,STAR_LATE
19.6406,17.7627,16.905,16.5388,16.2133,GALAXY
23.6087,22.7365,21.3676,19.4123,18.2841,STAR_LATE
20.9499,19.6128,19.0511,18.7259,18.5889,GALAXY
21.904,19.7548,18.4171,17.4829,16.9733,STAR_LATE
20.7744,19.5255,18.8439,18.4788,18.198,GALAXY
19.8877,19.892,19.6164,19.5442,19.485,QSO
20.0572,18.854,18.2652,17.9956,17.7541,GALAXY
23.1369,21.2273,19.4402,18.8206,18.4089,GALAXY
22.1111,20.3608,19.3833,18.9382,18.5949,GALAXY
23.7397,21.208,20.6796,20.4308,20.4182,STAR
20.633,19.6786,19.3358,19.0689,19.0173,GALAXY
24.8049,21.6071,20.9055,20.5643,20.4856,STAR
22.9048,21.8184,20.0652,19.3642,18.9524,GALAXY
19.6166,19.2466,19.3048,19.2439,19.2627,QSO
21.1706,20.0129,19.7251,19.6784,19.5754,STAR
21.3281,19.4329,18.3304,17.8833,17.5203,GALAXY
19.3539,18.1834,18.0468,18.0017,17.99,STAR
23.2273,20.4281,19.1517,18.6456,18.2668,GALAXY
22.4001,19.9813,18.9758,18.5457,18.2849,STAR
21.6346,19.1794,17.6678,16.7317,16.1991,STAR_LATE
20.6934,20.0707,20.1221,20.0009,19.7148,HIZ_QSO
20.9946,18.8254,17.4798,16.2717,15.6391,STAR_LATE
20.4041,19.2259,18.6564,18.3163,18.1061,GALAXY
23.6987,21.8871,20.1462,19.5071,19.1581,GALAXY
19.5992,19.0635,18.8909,18.9827,18.8665,QSO
20.8899,20.5876,20.3988,19.9732,20.092,QSO
21.5173,19.2287,17.8032,16.5832,15.9512,STAR_LATE
19.9058,19.6178,19.2901,18.3625,17.638,STAR_LATE
19.6419,19.4368,19.3651,19.4494,19.5913,QSO
20.1494,18.8318,18.1477,17.796,17.5306,GALAXY
20.2037,20.2677,19.994,19.9432,19.9477,QSO
22.1876,20.4805,19.155,18.6145,18.1909,GALAXY
24.5155,22.7508,20.7591,18.273,16.8996,STAR_LATE
21.577,19.6928,18.7357,18.221,17.8215,GALAXY
21.8352,20.1564,18.9311,18.4331,18.117,GALAXY
20.5412,20.0196,19.5952,19.2491,19.0482,QSO
21.7766,19.8147,18.6913,18.2112,17.8692,GALAXY
23.116,21.1031,19.7252,19.4611,18.5409,STAR_LATE
19.5207,18.3107,18.4582,18.5822,18.7417,STAR
18.1918,17.2497,16.8962,16.7242,16.6532,STAR
21.0386,19.2188,18.2451,17.8225,17.4631,GALAXY
21.1889,19.0757,18.0852,17.6222,17.3072,GALAXY
21.1809,20.0036,19.9861,20.0089,19.932,STAR
22.1349,20.2693,20.0232,20.0009,19.9696,QSO
16.9224,15.8853,15.7672,15.7757,15.8397,STAR
19.4677,18.4515,18.0954,17.9483,17.9161,STAR
16.7863,15.5587,15.1675,15.073,15.0283,STAR
26.0152,21.5392,20.4651,20.1346,19.8309,STAR
20.8095,19.0044,18.0053,17.5183,17.1782,GALAXY
19.6812,18.5453,18.5142,18.5617,18.6632,STAR
21.4542,20.4735,20.7908,21.0436,21.1379,STAR
18.8223,18.7197,18.8945,19.083,19.2817,STAR
23.3222,21.1306,19.4572,18.8576,18.4004,GALAXY
20.3914,20.0328,20.0477,20.1046,20.1514,STAR
18.7008,16.8519,16.0299,15.608,15.2883,GALAXY
20.9435,19.0164,18.0473,17.6007,17.2007,GALAXY
21.1321,19.8658,19.3199,18.9909,18.7377,GALAXY
21.0997,19.8003,19.1492,18.7696,18.5923,GALAXY
20.7532,19.267,18.4739,18.038,17.6982,GALAXY
21.3097,20.4764,20.4421,20.4961,20.5847,STAR
20.6749,20.4106,20.4515,20.3932,20.027,QSO
18.2444,16.038,15.1562,14.8616,14.6912,STAR
18.6815,18.6663,18.2099,18.1273,18.2347,QSO
20.5253,20.3893,20.3397,20.1429,20.0564,QSO
21.9859,19.7726,18.6256,18.1869,17.8095,GALAXY
22.3502,21.0507,19.3438,18.7473,18.4146,GALAXY
20.8303,20.5353,20.4477,20.3378,20.4132,QSO
16.6302,15.5467,15.4018,15.3699,15.4342,STAR
19.105,17.9426,17.5127,17.3489,17.2951,STAR
21.9801,20.1345,18.835,18.3324,17.9709,GALAXY
21.528,19.4891,18.2756,17.7738,17.402,GALAXY
22.0376,19.7758,18.6644,18.2026,17.8228,GALAXY
19.4347,18.3837,17.9822,17.7662,17.6112,GALAXY
23.0133,20.5723,19.6081,19.0101,18.9454,STAR
21.4788,20.0143,19.2631,18.9191,18.6057,GALAXY
21.6553,19.6338,18.5654,18.1276,17.7518,GALAXY
23.2397,21.0808,19.828,19.411,19.2497,STAR
21.2078,19.5378,18.7784,18.3816,18.1047,GALAXY
19.1254,18.9325,18.5052,18.0512,17.9591,QSO
20.5615,20.6282,21.0061,21.5589,21.3929,STAR
20.3973,18.7783,17.921,17.5391,17.2481,GALAXY
24.4279,21.8197,20.169,19.4695,19.0487,GALAXY
20.9233,19.3234,18.4773,18.1029,17.8651,GALAXY
20.1842,18.4464,17.5673,17.1769,16.9002,GALAXY
21.4492,19.5769,18.474,18.0305,17.7015,GALAXY
21.4017,19.3214,17.9473,16.5889,15.9182,STAR_LATE
20.8349,20.3216,20.2707,20.0201,20.1802,QSO
23.7002,21.702,19.978,19.3375,19.0346,GALAXY
23.2778,21.81,19.9632,19.2789,18.9344,GALAXY
23.4713,21.5259,20.2581,19.4528,19.112,STAR_LATE
23.6157,21.5742,19.8867,19.2559,18.7876,GALAXY
19.7731,19.4919,19.364,19.1755,19.2302,QSO
19.4518,18.6368,18.173,17.8405,17.6345,GALAXY
18.4446,17.5138,17.2539,17.148,17.1352,STAR
19.7009,18.5262,18.0802,17.9322,17.902,STAR
20.5423,20.4866,20.3627,20.3079,20.1802,QSO
19.9752,19.7237,19.1738,18.9429,18.6028,QSO
21.5999,19.0882,17.6612,16.4666,15.8537,STAR_LATE
24.9631,22.2702,20.5016,19.7933,19.2651,GALAXY
20.6465,19.4209,18.888,18.5835,18.4243,GALAXY
20.2417,18.3372,17.4538,17.0563,16.7259,GALAXY
19.4647,17.6135,16.7627,16.3718,16.0461,GALAXY
23.9857,24.1503,22.1642,20.5738,19.9319,STAR_LATE
19.6647,19.4345,19.1907,19.2477,19.079,QSO
21.0312,20.4303,20.3304,20.1793,19.9041,QSO
20.7599,19.7755,19.2097,18.8738,18.7256,GALAXY
20.9224,19.3024,18.4736,18.0988,17.759,GALAXY
19.8145,18.122,17.2837,16.8873,16.5938,GALAXY
20.4863,19.2425,18.6467,18.2978,18.076,GALAXY
24.5059,21.5397,20.6743,20.5364,20.4395,GALAXY
20.6933,18.6832,17.6328,17.2313,16.9179,GALAXY
20.0744,19.9579,19.7606,19.862,19.9771,QSO
20.3102,20.3413,20.6829,20.9977,21.5401,STAR
19.9425,19.835,19.7237,19.5651,19.3391,QSO
20.9144,20.6632,20.3504,20.1863,20.3056,QSO
21.5351,20.3049,19.7127,19.3922,19.1676,GALAXY
18.4473,16.3782,15.445,15.014,14.6451,GALAXY
21.5992,20.2108,19.5916,19.3041,19.1915,GALAXY
21.6759,19.8747,18.927,18.482,18.1458,GALAXY
24.0378,20.546,19.6532,19.3438,19.2028,STAR
21.0267,20.63,20.299,20.4061,20.7224,QSO
24.6185,21.7451,20.8935,20.5978,20.4075,STAR
20.6098,20.3762,20.1022,20.2184,20.5293,GALAXY
20.6875,19.3833,18.7173,18.3379,18.102,GALAXY
21.0585,18.7108,17.2641,16.1941,15.637,STAR_LATE
24.5583,21.9803,20.1898,19.4309,19.0539,GALAXY
21.1605,19.1073,18.0643,17.5759,17.2571,GALAXY
21.2485,20.02,20.012,20.1423,20.2771,STAR
21.8741,20.6645,20.1568,19.8752,20.2196,STAR
20.882,18.9965,17.9419,17.4414,17.0904,GALAXY
23.6921,23.2961,21.7511,20.4303,19.055,STAR_LATE
25.6622,21.9495,20.7623,20.3588,20.4069,STAR
24.0221,21.5886,20.1791,20.1824,20.3899,QSO
25.2556,21.4893,20.4416,20.098,20.0757,STAR
21.233,20.0541,19.4802,19.1658,18.8824,GALAXY
21.1778,20.1313,19.7147,19.5112,19.3895,GALAXY
19.7246,17.9534,16.9378,16.4234,16.0274,GALAXY
21.9095,19.9423,18.7588,18.1654,17.8053,GALAXY
21.0925,19.4695,18.4938,18.0304,17.7524,GALAXY
19.6353,19.2444,18.9256,18.7837,18.7005,QSO
20.4946,20.1112,19.7515,19.4246,18.9722,QSO
17.5577,16.4254,16.3548,16.4164,16.5534,STAR
22.3045,20.4012,19.1216,18.6037,18.2149,GALAXY
25.087,21.8568,20.9368,20.6177,20.6165,STAR
21.6949,19.6554,18.5298,18.0864,17.7643,GALAXY
20.5066,18.5733,17.6906,17.2587,16.889,GALAXY
19.8601,19.6178,19.3626,19.2541,18.8291,QSO
20.1154,19.9773,19.5547,19.3673,18.8976,QSO
21.3701,20.6601,20.6293,20.4456,20.1575,QSO
20.4238,18.6169,17.6727,17.1712,16.7608,GALAXY
21.3856,19.3949,18.2487,17.7722,17.4277,GALAXY
21.0169,20.7895,20.6492,20.6002,20.3553,QSO
20.7503,19.5603,18.9066,18.4887,18.2158,GALAXY
20.7585,19.4344,18.6996,18.2948,17.9819,GALAXY
21.1479,19.462,18.5117,18.0573,17.7187,GALAXY
22.8954,20.1423,18.9526,18.5147,18.1289,STAR
