u,g,r,i,z,CLASS
20.9699,19.3052,19.0488,18.9134,18.8583,STAR
20.9539,19.3352,18.5218,18.0635,17.7829,GALAXY
23.7752,21.6737,19.968,19.3467,18.884,GALAXY
19.7749,19.8441,19.8587,19.3713,19.3661,QSO
21.589,20.1031,18.9928,18.5104,18.1408,GALAXY
19.4711,18.6265,18.3411,18.0687,17.9966,GALAXY
19.7009,18.8692,18.6538,18.5364,18.4247,GALAXY
22.7358,21.2378,19.7757,19.1981,18.8319,GALAXY
22.6905,20.9107,19.4008,18.7714,18.3917,GALAXY
19.2021,18.4062,18.2039,17.9295,17.7749,GALAXY
20.6962,19.1592,18.3328,17.8944,17.5849,GALAXY
20.0289,18.4816,17.6808,17.2252,16.8885,GALAXY
20.4856,18.5146,17.5398,17.1082,16.7746,GALAXY
22.3685,20.0965,18.8511,18.3717,18.0176,GALAXY
24.1626,21.7849,19.9757,19.2964,18.8613,GALAXY
25.4715,21.949,20.0327,17.8645,16.737,STAR_LATE
19.417,17.4702,16.5769,16.1415,15.788,GALAXY
20.4954,19.8871,19.0918,18.5834,18.3527,QSO
19.7119,19.5242,19.4748,19.3024,19.1019,QSO
20.7865,19.5998,19.0619,18.7888,18.5888,GALAXY
19.8042,19.7469,19.5329,19.4864,19.4522,QSO
22.1725,20.2266,18.9149,18.3468,17.9271,GALAXY
20.3051,18.72,17.863,17.3665,17.0184,GALAXY
25.3386,21.6687,19.9506,18.6331,17.8684,STAR_LATE
19.2983,18.369,17.929,17.7335,17.6633,STAR
21.0938,19.3569,18.435,18.0025,17.6713,GALAXY
22.2343,20.0069,18.8,18.2505,17.8723,GALAXY
20.6048,19.3288,18.7099,18.4008,18.1951,GALAXY
21.3328,19.8889,19.2809,18.8845,18.601,GALAXY
19.5331,19.5177,19.4708,19.3347,19.167,QSO
19.57,17.7277,16.9096,16.5136,16.1926,GALAXY
23.2391,22.3531,21.0139,19.9135,19.4631,STAR_LATE
22.375,20.4255,19.0685,18.5346,18.1604,GALAXY
19.4172,18.8228,18.6589,18.3498,17.8032,STAR
19.5322,19.4329,19.2379,19.2444,19.3038,QSO
20.0652,19.1508,18.6549,18.2868,18.1501,GALAXY
23.291,21.166,20.0737,19.9805,19.9785,HIZ_QSO
21.9753,20.2277,18.9359,18.3558,17.9601,GALAXY
21.325,19.7836,19.0491,18.6397,18.2975,GALAXY
21.9772,20.2412,19.0749,18.4765,18.0239,GALAXY
21.3158,19.2332,18.0939,17.6155,17.251,GALAXY
21.5925,19.6546,18.5001,18.0718,17.7777,GALAXY
21.1816,19.2846,18.3121,17.8798,17.5807,GALAXY
19.3263,17.5487,16.8248,16.5042,16.2606,GALAXY
21.8636,19.7412,18.4889,18.0575,17.7579,GALAXY
21.6023,20.7333,20.2519,19.9924,19.749,GALAXY
20.1111,18.8856,18.2951,17.9447,17.7057,GALAXY
22.4575,20.68,19.2999,18.7014,18.2418,GALAXY
22.05,20.0012,18.6249,18.1125,17.7489,GALAXY
21.757,19.7463,18.5969,18.1175,17.7599,GALAXY
19.6232,18.4253,18.0479,17.8135,17.641,GALAXY
21.3159,19.3333,18.2789,17.8285,17.454,GALAXY
19.5963,18.5366,18.0401,17.7718,17.5907,GALAXY
21.9092,19.8947,18.5348,18.0552,17.7475,GALAXY
18.9413,18.7023,18.2899,17.8495,17.658,QSO
21.3519,19.3107,18.3079,17.8842,17.5225,GALAXY
22.7193,20.5958,19.149,18.4935,18.0533,GALAXY
20.0532,18.4337,17.7898,17.5482,17.4345,STAR
23.1784,21.0411,19.3848,18.8371,18.4872,GALAXY
19.8521,19.6286,19.0618,18.6442,18.696,QSO
18.1113,17.2327,16.9948,16.9022,16.9026,STAR
22.9147,22.3411,20.4445,19.65,19.2242,GALAXY
20.4607,19.3496,18.8368,18.4912,18.3123,GALAXY
20.6718,19.355,18.826,18.5035,18.2662,GALAXY
21.4933,19.661,18.602,18.0805,17.7144,GALAXY
24.2398,22.1651,20.7983,20.1054,19.482,STAR
20.9484,18.8999,17.922,17.4748,17.1253,GALAXY
19.6526,19.4649,19.3169,19.4657,19.3365,QSO
23.2787,20.9035,19.7259,19.0098,18.7367,STAR_LATE
21.2765,19.2521,18.0611,17.5666,17.2194,GALAXY
20.9025,19.16,18.303,17.8715,17.5714,GALAXY
21.5876,19.966,18.9,18.3995,18.0593,GALAXY
19.9545,18.8489,18.437,18.1198,17.9452,GALAXY
20.7378,19.208,18.486,18.0505,17.7434,GALAXY
21.4177,19.576,18.373,17.9005,17.5204,GALAXY
18.7255,18.3526,18.2911,18.4327,18.3515,QSO
21.3529,19.2763,18.0749,17.5675,17.172,GALAXY
21.5597,20.2192,19.2899,18.8205,18.4747,GALAXY
19.8084,19.1796,19.0981,18.9857,18.929,GALAXY
20.2203,18.4907,17.5841,17.1078,16.7428,GALAXY
21.8759,20.6324,19.6681,19.2337,18.895,GALAXY
20.504,18.5367,17.8271,17.7608,17.7107,HIZ_QSO
21.7818,19.8343,18.6369,18.1575,17.754,GALAXY
21.1976,19.3886,18.1391,17.6548,17.3317,GALAXY
18.8905,17.3857,16.5841,16.1718,15.8388,GALAXY
17.3274,17.5023,17.9919,18.2335,18.4267,STAR
20.0941,18.9663,18.5669,18.2755,18.0749,GALAXY
21.2493,19.7773,18.7889,18.2795,17.9209,GALAXY
23.542,20.5591,19.0879,18.4895,18.1329,GALAXY
17.1455,16.2483,16.0249,15.9185,15.905,STAR
20.324,19.3013,18.8779,18.5285,18.3608,GALAXY
22.2226,20.0792,18.8599,18.3465,17.9699,GALAXY
22.4528,20.0513,18.8839,18.3955,18.0049,GALAXY
21.529,19.7466,18.5341,18.0678,17.7487,GALAXY
24.1884,22.265,20.4845,19.788,19.3588,GALAXY
23.8208,21.167,19.8557,19.2451,18.8439,GALAXY
19.4405,19.3418,19.4438,19.2311,19.2701,QSO
20.7589,19.4501,18.8041,18.3965,18.1103,GALAXY
22.209,20.3076,18.9338,18.4142,18.0674,GALAXY
20.1233,18.6778,17.9619,17.5362,17.2536,GALAXY
20.0434,18.8858,18.3899,18.1162,17.9095,GALAXY
21.2335,19.3898,18.4439,18.0382,17.7355,GALAXY
20.4323,19.8401,19.296,18.9875,18.8577,STAR
20.7719,19.2359,18.533,18.1958,17.9112,GALAXY
24.3057,21.4046,20.6653,20.4364,20.2953,STAR
20.5752,18.585,17.642,17.2198,16.9043,GALAXY
22.0977,20.0751,18.7091,18.1906,17.8394,GALAXY
21.1799,19.8961,19.2131,18.8105,18.577,GALAXY
17.3677,17.3031,17.1301,17.0366,17.0924,QSO
20.7699,19.6699,19.117,18.7908,18.6208,GALAXY
18.7389,18.437,18.184,18.2068,18.2031,QSO
20.5413,19.079,18.35,17.9578,17.7392,GALAXY
20.7161,19.231,19.221,19.1388,18.9205,HIZ_QSO
20.5122,19.4017,18.7232,18.3448,18.1416,GALAXY
22.9954,21.0691,19.4651,18.9067,18.5634,GALAXY
22.4018,20.6614,19.7181,19.2147,18.924,GALAXY
21.4169,19.8657,18.9242,18.4838,18.2046,GALAXY
17.9527,16.8187,16.4082,16.2558,16.2338,STAR
18.8566,16.9144,16.029,15.6015,15.2581,GALAXY
20.5014,19.6578,18.9462,18.5178,18.2746,GALAXY
21.7712,20.1206,19.0201,18.5638,18.2226,GALAXY
19.7705,18.7317,18.1411,17.6908,17.5727,GALAXY
20.1294,18.9884,18.509,18.1695,17.9489,GALAXY
20.1345,18.2774,17.306,16.8515,16.4841,GALAXY
20.9074,19.5853,19.0569,18.7365,18.5197,GALAXY
21.2993,19.7424,18.9609,18.4935,18.1119,GALAXY
20.0934,18.9144,18.387,18.0755,17.865,GALAXY
20.3863,19.0397,18.3702,18.0268,17.7867,GALAXY
22.2109,20.3582,19.1219,18.5905,18.1958,GALAXY
21.113,19.6424,18.804,18.4155,18.1219,GALAXY
18.6728,16.6687,15.7862,15.3608,15.0378,GALAXY
20.1503,18.9034,18.1759,17.7045,17.34,GALAXY
19.0697,18.7138,18.6079,18.7432,18.6182,QSO
21.2978,19.7722,19.0501,18.6496,18.4132,GALAXY
18.5639,18.4079,18.1579,18.1302,18.1884,QSO
21.2127,19.6778,18.7229,18.2852,18.0005,GALAXY
20.6355,19.0572,18.2022,17.7566,17.4415,GALAXY
21.0353,19.8638,19.3279,18.9812,18.803,GALAXY
21.2676,19.5068,18.5089,18.0832,17.7535,GALAXY
20.9848,19.2292,18.3161,17.9226,17.5924,GALAXY
19.0611,18.8302,18.8291,18.6686,18.4951,QSO
21.8812,19.6872,18.4651,17.9766,17.6064,GALAXY
21.3396,19.462,18.415,17.8319,17.3913,GALAXY
20.6224,19.533,18.983,18.6139,18.463,GALAXY
21.3852,20.0511,18.7781,18.3716,18.1433,QSO
19.7299,18.7982,18.3531,18.0236,17.8474,GALAXY
20.9078,19.0252,18.1261,17.7276,17.4094,GALAXY
20.8948,19.6411,18.9891,18.6405,18.3912,GALAXY
20.3669,19.0611,18.3491,17.9579,17.6863,GALAXY
21.1912,19.1642,18.1761,17.7196,17.3755,GALAXY
20.2837,18.7141,17.8231,17.3409,16.9923,GALAXY
19.67,19.5292,19.5011,19.2445,19.251,QSO
21.602,20.4058,19.9478,19.6441,19.4624,GALAXY
21.2479,19.3429,18.5179,18.1482,17.8515,GALAXY
20.3236,19.4509,19.4549,19.2752,19.304,GALAXY
21.5892,19.7132,18.4432,17.9506,17.5834,GALAXY
23.6086,22.0451,20.4086,19.6431,19.1813,GALAXY
20.1406,18.5675,17.763,17.2825,16.9471,GALAXY
23.455,22.0507,20.4077,19.6254,19.0321,GALAXY
20.0849,19.7062,19.1141,18.7076,18.4911,QSO
19.4872,18.9313,18.7952,18.7516,18.5731,QSO
20.15,18.7743,18.1342,17.7396,17.4835,GALAXY
21.0338,19.6192,18.9002,18.4986,18.2333,GALAXY
18.9703,17.8173,17.8072,17.8706,18.0084,STAR
20.2209,19.0813,18.6272,18.2776,18.0973,GALAXY
24.2397,22.1713,20.5087,19.7027,19.2349,GALAXY
21.4343,19.8372,19.0552,18.6486,18.3442,GALAXY
20.6287,18.8822,18.0281,17.5839,17.2913,GALAXY
20.102,19.2323,18.9522,18.6766,18.626,GALAXY
17.8661,17.6032,17.6292,17.7146,17.8604,STAR
19.7302,19.6693,19.2862,19.3245,19.4992,QSO
20.0522,18.6923,18.0472,17.6576,17.3715,GALAXY
23.3027,21.0354,19.4009,18.8062,18.4293,GALAXY
21.9433,21.3405,20.2398,20.1791,20.3674,HIZ_QSO
21.1516,19.4193,18.5692,18.1826,17.8934,GALAXY
20.4714,18.5375,17.605,17.1035,16.7701,GALAXY
20.0258,18.2395,17.428,17.0215,16.7051,GALAXY
21.5493,20.5673,20.0479,19.7353,19.449,GALAXY
21.9267,20.1649,19.0049,18.4473,18.1205,GALAXY
20.7155,19.0983,18.2842,17.8406,17.5205,GALAXY
20.8994,19.4692,18.8421,18.5399,18.3291,GALAXY
23.0546,20.7717,19.157,18.5703,18.1695,GALAXY
19.3535,17.3442,16.4501,16.0239,15.6674,GALAXY
21.9141,20.3141,20.116,20.0342,20.0796,HIZ_QSO
20.7224,18.837,17.937,17.4773,17.0696,GALAXY
20.395,18.5732,17.7411,17.3269,17.0003,GALAXY
21.1407,19.9923,19.4902,19.2175,19.0246,GALAXY
20.6804,19.165,18.423,17.9773,17.6516,GALAXY
20.6278,18.7452,17.9031,17.4939,17.2093,GALAXY
20.1166,19.0925,18.704,18.3915,18.1709,GALAXY
22.0014,20.0527,18.7352,18.1448,17.7457,GALAXY
20.1857,18.3498,17.4612,17.0018,16.6848,GALAXY
20.2105,18.3575,17.561,17.1615,16.8401,GALAXY
19.8927,19.2847,19.2501,19.1847,18.938,HIZ_QSO
21.5749,19.8074,19.014,18.6365,18.3158,GALAXY
20.1845,18.1545,17.175,16.6645,16.2671,GALAXY
20.7869,19.3174,18.7,18.3295,18.1139,GALAXY
20.9239,19.0838,18.0462,17.6148,17.2728,GALAXY
19.8347,18.7025,18.247,17.9465,17.719,GALAXY
20.2195,18.2735,17.429,17.0095,16.6771,GALAXY
23.9228,21.5838,19.9029,19.2684,18.8394,GALAXY
19.7347,17.8385,16.968,16.5415,16.2061,GALAXY
20.4603,18.4365,17.546,17.1175,16.7571,GALAXY
20.1346,19.0685,18.414,17.9775,17.749,GALAXY
21.7246,20.4113,19.8869,19.6124,19.3702,GALAXY
20.5143,19.0035,18.191,17.7205,17.362,GALAXY
21.1122,19.7024,19.064,18.6995,18.4997,GALAXY
20.0777,18.2765,17.433,17.0115,16.6911,GALAXY
21.622,20.4124,19.984,19.7813,19.5714,GALAXY
22.0694,20.1405,18.812,18.2725,17.848,GALAXY
19.9533,18.8574,18.3052,18.0046,17.7345,GALAXY
20.9692,19.8043,19.3532,19.1336,19.0096,GALAXY
23.9881,21.7707,20.0008,19.2812,18.844,GALAXY
20.3588,18.6776,17.8841,17.4386,17.0841,GALAXY
19.7522,19.362,19.278,19.1532,19.0247,QSO
18.7063,18.491,18.262,18.4443,18.4373,QSO
22.2322,21.0215,19.8169,19.2192,18.8689,QSO
23.8531,21.552,19.775,19.1365,18.7445,GALAXY
21.0242,19.3464,18.5272,18.1376,17.8305,GALAXY
21.6349,19.626,18.592,18.1413,17.7876,GALAXY
20.3901,18.6844,17.8682,17.4466,17.1355,GALAXY
23.943,21.2911,19.5519,18.6143,18.0535,STAR
21.2733,19.7853,19.0082,18.5946,18.2883,GALAXY
22.2822,21.1157,20.7716,20.6265,20.4947,GALAXY
20.3362,18.4024,17.5143,17.0756,16.7315,GALAXY
21.3389,19.588,18.687,18.2013,17.8036,GALAXY
22.8566,21.9906,20.2768,19.6281,19.1345,GALAXY
20.1508,18.4048,17.5162,17.0238,16.7078,GALAXY
20.8272,19.8098,19.5002,19.2837,19.1785,GALAXY
20.2197,18.6015,17.789,17.3225,16.9511,GALAXY
21.9208,19.8528,18.6922,18.2328,17.9327,GALAXY
18.4969,17.8835,17.407,17.0025,16.7811,QSO
20.4635,18.7835,18,17.6095,17.3031,GALAXY
19.6251,18.5499,18.0173,17.7318,17.5318,GALAXY
20.5783,18.5905,17.567,17.0125,16.5631,GALAXY
20.2836,19.1735,18.74,18.4535,18.3019,GALAXY
20.6364,19.4325,18.926,18.5455,18.2909,GALAXY
19.7038,19.5355,19.346,19.3274,18.7775,QSO
22.0067,19.9128,18.7482,18.2978,17.9817,GALAXY
20.3978,19.2049,18.7172,18.4258,18.2146,GALAXY
21.7258,20.0724,19.179,18.6985,18.3308,GALAXY
19.1231,18.6119,18.6172,18.3678,18.1047,QSO
23.8096,21.7991,20.0659,19.4394,19.0601,GALAXY
20.3369,19.3779,18.9572,18.7148,18.5684,GALAXY
19.6161,19.6949,19.3732,19.2848,19.2154,QSO
21.4375,19.5531,18.627,18.1273,17.7746,GALAXY
19.6843,18.7201,18.438,18.3473,18.3584,STAR
21.1279,19.4174,18.6172,18.2306,17.9534,GALAXY
21.0301,19.2241,18.397,18.0383,17.7346,GALAXY
21.4384,19.5321,18.609,18.2263,17.8976,GALAXY
24.5452,21.6204,19.9709,19.2792,18.812,GALAXY
19.2044,19.1271,19.125,18.9873,18.8969,QSO
21.7838,19.7401,18.417,17.9203,17.5626,GALAXY
20.5918,18.7791,18.018,17.6653,17.3706,GALAXY
22.7831,21.3151,19.7329,19.1452,18.829,GALAXY
23.0585,20.85,19.2622,18.6876,18.3353,GALAXY
19.7625,18.6164,18.1483,17.9546,17.8864,STAR
20.7418,19.6504,19.1322,18.7566,18.5981,GALAXY
21.4058,19.4414,18.4513,17.9376,17.5495,GALAXY
20.529,18.9894,18.1173,17.6526,17.3275,GALAXY
21.4705,19.5964,18.8703,18.4996,18.2443,GALAXY
23.3778,22.2585,20.4926,19.6701,19.1784,GALAXY
21.5735,20.2888,19.7922,19.5337,19.366,GALAXY
19.8103,18.41,17.7243,17.3919,17.1718,GALAXY
23.1583,22.3591,20.5808,19.6457,19.2693,GALAXY
17.2513,16.3978,16.1512,16.063,16.0299,STAR
21.3269,19.5009,18.4433,17.9989,17.6768,GALAXY
18.8993,16.9639,16.0793,15.6659,15.3439,GALAXY
18.5465,16.836,16.3173,16.1919,16.0699,STAR
23.1408,22.058,20.1261,19.4637,19.0758,GALAXY
23.8671,21.6142,19.7431,19.1358,18.7882,GALAXY
23.1584,21.1103,19.4842,18.8798,18.5734,GALAXY
18.4293,17.1309,16.5553,16.2429,15.9879,GALAXY
20.7775,19.4549,18.7983,18.4418,18.2066,GALAXY
21.2673,19.9389,19.4792,19.2118,19.1007,GALAXY
19.1143,18.0819,17.7033,17.4079,17.3018,GALAXY
20.4609,19.2349,18.9073,18.7338,18.6154,GALAXY
23.1019,21.1832,19.5102,18.9128,18.5814,GALAXY
20.3991,18.41,17.3893,16.8539,16.4589,GALAXY
19.6785,18.491,17.8043,17.3929,17.1508,GALAXY
21.1927,19.482,18.6913,18.3169,18.0487,GALAXY
20.2462,18.2751,17.3511,16.9153,16.5977,GALAXY
17.3346,16.3832,16.1181,16.0233,16.0417,STAR
20.2159,19.2856,19.0161,18.7745,18.6257,GALAXY
19.6587,18.2895,17.6703,17.3197,17.0786,GALAXY
20.3871,18.6261,17.762,17.3773,17.0747,GALAXY
21.1394,19.2476,18.1791,17.6746,17.2991,GALAXY
21.5039,20.2345,19.752,19.4834,19.2995,GALAXY
20.5818,18.7107,17.8241,17.3896,17.0091,GALAXY
20.2614,18.9502,18.3071,17.9233,17.6596,GALAXY
21.3602,19.4795,18.5133,18.0567,17.7215,GALAXY
22.1014,20.6981,19.8722,19.2676,18.9647,STAR
21.9715,19.9866,18.5971,18.0736,17.6951,GALAXY
20.6815,19.0236,18.1711,17.7126,17.3761,GALAXY
20.6041,19.2822,18.6041,18.2213,17.9586,GALAXY
21.0609,19.2727,18.3351,17.9346,17.5961,GALAXY
22.9463,21.2274,19.561,18.9343,18.5523,GALAXY
21.6105,20.0651,19.415,19.0983,18.868,GALAXY
23.0887,21.128,19.4931,18.8805,18.4598,GALAXY
18.9547,18.7548,18.3901,18.0107,17.8263,QSO
22.8348,20.8527,19.3301,18.7752,18.4141,GALAXY
17.5408,16.7001,16.4241,16.3092,16.2864,STAR
20.923,18.9083,17.8905,17.4633,17.0821,GALAXY
22.0872,20.3602,19.4545,18.9923,18.6587,GALAXY
23.9946,21.9211,20.5327,20.4354,20.1289,QSO
22.8367,20.4137,19.0631,18.5257,18.1833,GALAXY
21.2658,19.2873,18.3025,17.8463,17.4651,GALAXY
21.0982,19.3731,18.4321,17.9982,17.6793,GALAXY
21.9653,19.9333,18.7905,18.3283,17.9521,GALAXY
22.0072,20.1167,18.9321,18.4287,18.0953,GALAXY
21.2489,19.6728,18.6911,18.1657,17.7774,GALAXY
22.9252,21.3697,19.899,18.9296,18.7668,STAR_LATE
20.6052,18.9238,18.2741,18.0137,17.8843,STAR
23.3203,22.2121,20.7159,19.7171,18.7945,STAR_LATE
17.9191,17.8299,17.5271,17.4437,17.4664,QSO
23.0935,21.5209,19.8733,19.1762,18.7663,GALAXY
21.1149,19.3833,18.5481,18.0999,17.8116,GALAXY
19.5036,17.7713,16.9929,16.5737,16.2658,GALAXY
20.9712,19.2853,18.381,17.9379,17.6576,GALAXY
21.1936,19.3753,18.4371,18.0179,17.7096,GALAXY
21.2185,19.7233,18.862,18.3989,18.0455,GALAXY
21.783,19.8102,18.8649,18.4127,18.0467,GALAXY
21.5012,19.5623,18.4421,17.9979,17.6906,GALAXY
20.8689,19.0534,18.0742,17.65,17.3284,GALAXY
21.5856,20.0751,19.2169,18.7207,18.3895,GALAXY
17.0097,16.1075,15.8603,15.7637,15.7476,STAR
19.1065,19.1323,18.991,18.9258,18.3094,QSO
22.799,20.9268,19.261,18.6769,18.3234,GALAXY
21.8205,20.3421,19.4468,19.0307,18.7622,GALAXY
21.0745,19.8279,19.1001,18.7237,18.4541,GALAXY
20.5731,19.3743,18.8579,18.4977,18.3076,GALAXY
20.9765,19.3813,18.4569,18.0107,17.6837,GALAXY
22.5041,20.8679,19.2639,18.6637,18.3266,GALAXY
23.5815,21.3562,19.5778,19.0127,18.5784,GALAXY
21.0533,19.3273,18.3409,17.9307,17.5748,GALAXY
24.1092,23.0842,21.4611,20.4835,20.213,STAR_LATE
21.0752,19.739,18.9031,18.4982,18.1652,GALAXY
22.4954,20.2379,18.831,18.3112,17.9682,GALAXY
19.7607,19.0553,19.0344,19.1652,18.8731,QSO
20.8808,18.8633,17.7984,17.3463,16.9699,GALAXY
18.5658,17.5353,17.4974,17.5193,17.5808,STAR
22.3311,20.129,18.6421,18.0912,17.7403,GALAXY
20.1535,19.2771,18.7781,18.4792,18.3041,GALAXY
21.3065,19.4092,18.4025,17.9743,17.6211,GALAXY
23.3133,21.7877,19.9469,19.1891,18.7198,GALAXY
21.1222,19.6522,18.7685,18.3383,18.04,GALAXY
20.1525,18.2601,17.3441,16.9402,16.6304,GALAXY
20.9118,19.6102,18.9515,18.5423,18.2829,GALAXY
20.5881,19.1081,18.792,18.6532,18.1592,QSO
20.7581,19.4792,18.7245,18.2973,18.007,GALAXY
20.8588,19.6052,18.8175,18.3563,18.055,GALAXY
20.5491,18.9748,18.3611,18.0167,17.7733,GALAXY
20.6651,19.0842,18.0625,17.5813,17.1571,GALAXY
20.1794,18.8368,18.0621,17.6507,17.3534,GALAXY
20.0354,17.9973,17.0922,16.6579,16.3244,GALAXY
21.5337,20.2311,19.5459,19.1788,18.9448,GALAXY
24.6399,21.8048,20.1568,19.4158,18.9977,GALAXY
25.5284,21.963,20.1178,19.4158,19.0057,GALAXY
19.8361,18.7052,18.242,17.9779,17.7695,GALAXY
19.0157,18.7083,18.4442,18.4389,18.441,QSO
20.2731,19.0692,18.3959,17.9547,17.7027,GALAXY
19.4493,19.2831,19.2778,19.1186,19.0717,QSO
21.4583,19.8611,18.7348,18.2527,17.8997,GALAXY
21.2951,19.9171,19.2078,18.8017,18.5624,GALAXY
19.3506,17.5513,16.7332,16.3309,16.0144,GALAXY
19.9955,17.9503,17.0152,16.5769,16.2274,GALAXY
20.5209,19.5341,19.0668,18.6787,18.5194,GALAXY
21.8444,20.5211,19.903,19.5768,19.3566,GALAXY
23.5658,21.8646,20.133,19.4998,19.0973,GALAXY
21.4653,20.0111,18.9519,18.5127,18.2066,GALAXY
23.2348,20.9877,19.466,18.8658,18.5153,GALAXY
21.1683,20.0311,19.4129,19.0858,18.9398,GALAXY
23.1175,20.8479,19.2931,18.7369,18.3531,GALAXY
21.2417,19.2792,18.2584,17.8413,17.4478,GALAXY
23.4862,21.8534,20.1041,19.4068,18.9677,GALAXY
19.9706,18.0382,17.1685,16.7543,16.4421,GALAXY
21.5342,19.6171,18.6304,18.2263,17.883,GALAXY
21.3845,20.1659,19.3692,18.9859,18.707,GALAXY
18.0867,17.1722,16.8774,16.7513,16.7448,STAR
21.1708,19.8187,19.121,18.6117,18.2792,GALAXY
24.6887,22.3088,20.4737,19.756,19.2788,GALAXY
21.5332,19.6252,18.5824,18.1163,17.7258,GALAXY
20.0394,18.726,17.966,17.5262,17.2483,GALAXY
20.1363,19.6317,19.422,19.0596,19.0224,QSO
23.3323,21.2479,19.544,18.9456,18.587,GALAXY
21.0803,20.0071,19.4784,19.1502,18.9533,GALAXY
21.4902,19.8177,18.919,18.4577,18.1322,GALAXY
22.6057,20.43,19.0234,18.5053,18.1679,GALAXY
20.2512,19.3887,19.014,18.6876,18.603,GALAXY
20.1635,19.9022,19.6703,19.4572,19.4517,QSO
20.619,18.8432,18.0194,17.6293,17.3438,GALAXY
22.5588,20.6089,19.0214,18.4473,18.003,GALAXY
21.9788,19.5371,17.803,16.7268,16.1536,STAR_LATE
21.0969,19.5662,18.7841,18.3799,18.1042,GALAXY
21.2166,19.7542,19.0191,18.5639,18.2601,GALAXY
22.3266,19.969,18.5068,17.9867,17.6227,GALAXY
20.8235,19.8061,19.4231,19.1788,19.0334,GALAXY
20.151,18.8531,18.2408,17.8497,17.5907,GALAXY
19.22,18.2232,17.918,17.8108,17.8105,STAR
20.5657,20.193,19.2858,18.7327,18.4754,QSO
20.3198,19.2441,18.9258,18.6407,18.5563,GALAXY
21.4453,19.6841,18.8991,18.5429,18.2441,GALAXY
19.0971,18.5461,18.6028,18.3547,18.3735,GALAXY
20.5689,18.8874,17.9982,17.5066,17.1195,GALAXY
21.1487,19.3132,18.4171,18.0109,17.7073,GALAXY
19.2696,17.3663,16.5292,16.1119,15.7994,GALAXY
19.0105,18.9072,18.6961,18.4219,18.499,QSO
22.9396,21.3891,19.679,19.1129,18.7198,STAR
19.0391,18.9321,18.8598,18.9606,18.8101,QSO
20.2853,18.4103,17.5482,17.1259,16.7744,GALAXY
20.4989,19.4922,19.0501,18.7939,18.6559,GALAXY
22.061,20.5148,19.458,18.9371,18.536,GALAXY
21.32,19.5747,18.61,18.1997,17.8283,GALAXY
19.6343,17.7427,16.897,16.4917,16.1684,GALAXY
21.5926,20.3,19.6913,19.3012,19.0212,GALAXY
20.5949,19.2561,18.4814,17.9733,17.6421,GALAXY
19.1406,18.7601,18.6474,18.4343,18.4618,QSO
20.6368,19.3927,18.956,18.6606,18.554,GALAXY
20.9183,19.019,17.961,17.5142,17.1713,GALAXY
20.9245,19.2311,18.4174,18.0283,17.734,GALAXY
23.9663,21.9588,20.1988,19.563,19.207,GALAXY
19.9723,19.019,18.695,18.4161,18.3411,GALAXY
18.9513,17.7047,17.207,17.0417,16.9924,STAR
21.0012,19.472,18.508,18.0512,17.7273,GALAXY
20.599,18.9962,18.1904,17.7753,17.4778,GALAXY
18.9524,18.809,18.564,18.5301,18.6529,QSO
21.6025,19.8441,18.5794,18.0673,17.7287,GALAXY
19.8745,19.7881,19.6004,19.4792,19.5296,QSO
20.0192,19.191,19.002,18.8061,18.7917,GALAXY
20.6279,19.31,18.54,18.0472,17.7423,GALAXY
21.4604,20.1496,19.416,19.0586,18.7868,GALAXY
21.0603,19.557,18.8219,18.4548,18.1214,GALAXY
23.9136,22.2446,20.3576,19.6826,19.2242,GALAXY
22.8093,21.3058,19.7549,19.0106,18.55,GALAXY
21.9906,20.029,18.6269,18.0968,17.7835,GALAXY
20.5183,18.9051,18.0899,17.6008,17.2486,GALAXY
21.3503,19.984,19.4129,19.0908,18.8938,GALAXY
21.5049,19.6291,18.3021,17.7999,17.4373,GALAXY
20.3835,18.4811,17.5159,17.0468,16.6906,GALAXY
21.3931,19.909,19.2139,18.7338,18.4203,GALAXY
20.2909,19.5961,18.9931,18.5489,18.378,GALAXY
20.5228,18.5372,17.5321,16.9859,16.5023,GALAXY
19.9452,17.9572,17.0301,16.5799,16.2363,GALAXY
20.972,19.4561,18.7161,18.3089,18.0322,GALAXY
22.0442,20.6769,20.0849,19.8526,19.5856,GALAXY
21.74,20.375,19.441,19.0148,18.6489,GALAXY
20.8982,19.7671,19.256,18.9348,18.6798,GALAXY
20.6317,19.4531,18.9451,18.6519,18.465,GALAXY
20.1476,18.9641,18.5399,18.2368,18.0264,GALAXY
21.8871,19.746,18.4498,17.9287,17.6027,GALAXY
19.9666,18.1391,17.2129,16.7518,16.4146,GALAXY
20.2215,19.1611,18.7949,18.4968,18.4083,GALAXY
20.5692,18.8901,18.0119,17.5648,17.2256,GALAXY
21.0345,19.229,18.3327,17.9327,17.6187,GALAXY
21.56,20.012,19.2759,18.9128,18.6471,GALAXY
22.0226,20.3585,20.1318,20.2461,20.2332,HIZ_QSO
20.8794,19.7636,19.216,18.8606,18.6569,GALAXY
19.8007,19.2781,19.0349,18.9258,18.9338,GALAXY
20.816,19.549,19.0027,18.6976,18.4284,GALAXY
23.1826,21.2452,19.5337,18.9346,18.5533,GALAXY
21.1515,19.4111,18.4691,18.0589,17.7413,GALAXY
21.7761,20.3369,19.8438,19.5497,19.3269,GALAXY
20.7911,19.4,18.6568,18.1957,17.9296,GALAXY
20.93,19.3661,18.5361,18.0719,17.7102,GALAXY
20.8227,19.598,19.0499,18.6958,18.5022,GALAXY
20.2933,18.969,18.3989,18.0648,17.8225,GALAXY
20.2966,18.536,17.6928,17.2427,16.9357,GALAXY
21.9801,20.12,19.1471,18.7349,18.3601,GALAXY
20.8803,19.2236,18.455,18.0497,17.7733,GALAXY
21.0908,19.2276,18.373,17.9627,17.6283,GALAXY
23.2561,22.259,20.9221,19.5905,18.3771,STAR_LATE
20.959,19.1686,18.37,17.9806,17.6643,GALAXY
20.8692,19.0816,18.237,17.8086,17.4873,GALAXY
23.4324,21.8842,19.9938,19.1957,18.8159,GALAXY
20.4173,18.514,17.6589,17.2378,16.9366,GALAXY
22.1533,20.1249,18.8709,18.3778,18.0204,GALAXY
21.4035,19.5746,18.734,18.3596,18.0492,GALAXY
21.3761,19.7749,18.9737,18.5046,18.1625,GALAXY
20.5904,19.517,18.902,18.5068,18.3151,GALAXY
20.3665,19.9689,19.7067,19.4076,19.2961,QSO
20.4196,19.226,18.676,18.3039,18.0772,GALAXY
19.8188,18.592,17.9427,17.5327,17.2877,GALAXY
21.0953,19.412,18.5137,18.0337,17.6497,GALAXY
21.0093,19.607,18.8489,18.4018,18.0894,GALAXY
20.8857,19.6059,19.0817,18.8236,18.6442,GALAXY
21.0284,18.959,17.8787,17.5287,17.1797,GALAXY
20.7353,19.0561,18.116,17.6559,17.3093,GALAXY
20.2312,19.2631,18.8363,18.5362,18.4005,GALAXY
20.8455,20.2869,19.7403,19.2952,19.1529,QSO
24.4309,21.7836,20.023,19.2808,18.8538,GALAXY
20.6508,19.0361,18.2064,17.7653,17.4531,GALAXY
21.3839,19.8361,19.0124,18.6013,18.3009,GALAXY
21.1186,19.1399,18.102,17.6771,17.3153,GALAXY
21.6668,19.5566,18.527,18.0717,17.7103,GALAXY
19.2952,19.2379,19.041,19.0071,19.1621,QSO
21.6842,19.8289,18.7132,18.2189,17.8474,GALAXY
19.4163,19.2639,19.262,19.0301,19.0064,QSO
21.311,19.7806,18.857,18.3766,18.0412,GALAXY
17.7055,17.9011,18.3514,18.6722,18.8933,STAR
20.253,19.0029,18.398,18.0381,17.8372,GALAXY
20.1921,18.2427,17.363,16.9307,16.6014,GALAXY
21.089,19.1721,18.1114,17.6663,17.3031,GALAXY
21.0681,19.3341,18.5464,18.1663,17.894,GALAXY
23.9361,21.127,19.4529,18.8566,18.4481,GALAXY
20.9152,19.3046,18.496,18.0816,17.7353,GALAXY
19.1503,17.1587,16.253,15.8127,15.4754,GALAXY
19.4543,18.6659,18.4898,18.2208,18.1604,GALAXY
20.9552,19.3099,18.4749,18.0388,17.7525,GALAXY
22.8136,22.4367,21.1207,20.0093,19.7764,STAR_LATE
20.8166,19.322,18.3079,17.7568,17.4615,GALAXY
20.4057,18.6156,17.6549,17.1206,16.7104,GALAXY
23.4891,21.6009,19.9078,19.2066,18.7138,GALAXY
18.9791,18.8256,18.6059,18.6126,18.6908,QSO
21.7166,20.4887,20.0665,19.8724,19.7162,GALAXY
20.3281,19.128,18.5869,18.2738,18.0974,GALAXY
20.9415,19.8399,19.1097,18.6836,18.4154,GALAXY
20.1003,18.2519,17.4237,17.0226,16.7167,GALAXY
19.3546,19.2729,19.1057,19.1176,19.1345,QSO
20.2823,18.4639,17.6667,17.2856,17.0057,GALAXY
20.3722,18.4909,17.6477,17.2536,16.9377,GALAXY
19.7115,18.4039,17.6977,17.2786,16.9497,GALAXY
20.5604,19.482,19.129,18.8538,18.7737,GALAXY
19.7691,18.7536,18.205,17.8216,17.5773,GALAXY
20.2132,19.009,18.5039,18.1398,17.9604,GALAXY
20.3555,19.109,18.495,18.1048,17.8852,GALAXY
22.9628,19.1599,18.3121,17.9989,17.8184,STAR
18.0262,16.7799,16.706,16.6961,16.7083,STAR
21.325,19.6531,18.6533,18.2232,17.8637,GALAXY
23.4014,21.2812,20.296,19.9449,19.9157,STAR
20.4334,18.5129,17.5732,17.1499,16.8055,GALAXY
18.3058,17.7189,17.5441,17.4439,17.3085,GALAXY
18.9949,18.4989,18.3882,18.3179,18.0783,QSO
20.5218,19.334,18.7243,18.3652,18.1236,GALAXY
21.008,18.9731,17.9733,17.4922,17.1028,GALAXY
19.59,18.7309,18.4319,18.2281,18.1341,GALAXY
21.4084,19.4179,18.5,18.1041,17.7852,GALAXY
21.5196,19.5518,18.4649,18.0201,17.7092,GALAXY
21.6358,20.0978,19.2289,18.7701,18.443,GALAXY
20.9191,19.0449,18.021,17.5961,17.2163,GALAXY
21.0626,20.1018,19.9348,19.6529,19.4282,GALAXY
21.5334,20.1324,18.9819,18.4656,18.1042,GALAXY
20.5079,19.355,18.8074,18.4612,18.2389,GALAXY
19.8622,18.0781,17.2974,16.9353,16.6581,GALAXY
21.4095,19.463,18.4484,18.0072,17.68,GALAXY
21.1681,19.9484,19.4279,19.1336,18.8986,GALAXY
20.9438,19.1585,18.0059,17.2956,16.7553,GALAXY
19.5141,18.3858,17.8308,17.4617,17.2335,GALAXY
21.0786,19.7378,19.0768,18.7327,18.4982,GALAXY
21.1493,19.6095,18.6749,18.2146,17.8762,GALAXY
20.8313,20.2507,19.3838,18.9347,18.6121,GALAXY
21.5554,19.7098,18.9868,18.6047,18.3273,GALAXY
19.9551,18.1569,17.3118,16.9318,16.6285,GALAXY
19.9307,19.8824,19.5458,19.4535,19.4063,QSO
20.8834,19.2028,18.4547,18.1106,17.8426,GALAXY
21.4514,20.0268,19.4206,19.0956,18.8859,GALAXY
18.8735,17.0499,16.2327,15.8416,15.5257,GALAXY
18.969,18.5295,18.6289,18.5126,18.5889,QSO
18.7036,17.5859,17.2227,17.0866,17.0537,STAR
25.1482,21.254,19.6338,18.9907,18.4982,GALAXY
19.4182,17.4269,16.4828,16.0408,15.6875,GALAXY
20.399,19.3638,18.8506,18.5046,18.2784,GALAXY
20.8406,18.8959,18.0457,17.6496,17.3296,GALAXY
20.6662,19.1649,18.5023,18.1462,17.853,GALAXY
20.824,19.7668,19.2909,18.9871,18.8216,GALAXY
23.5898,21.7632,20.5195,19.8414,19.6005,GALAXY
21.802,19.5908,18.4909,18.0171,17.6112,GALAXY
23.0362,21.0552,19.4212,18.7812,18.3658,GALAXY
20.5692,19.1338,18.4893,18.1552,17.856,GALAXY
19.75,18.7909,18.4443,18.3072,18.2589,STAR
19.2679,17.2888,16.3979,15.9661,15.6183,GALAXY
20.8632,19.5859,19.1703,18.9012,18.7325,GALAXY
21.472,19.9639,19.1203,18.6452,18.3528,GALAXY
21.5293,19.7357,18.7109,18.1491,17.7362,GALAXY
21.7785,19.6119,18.5533,18.1042,17.742,GALAXY
19.8209,18.6558,18.2489,17.9341,17.8292,GALAXY
20.1397,19.1159,18.7943,18.5372,18.3428,GALAXY
19.7419,18.2239,17.6833,18.9672,17.387,STAR
20.708,19.0948,18.3413,17.9262,17.624,GALAXY
20.9744,19.6398,18.8431,18.3928,18.1023,GALAXY
21.5124,19.8067,18.6149,18.1071,17.7622,GALAXY
19.7737,18.9708,18.8289,18.5481,18.5888,GALAXY
19.2561,17.2907,16.4046,15.9896,15.6656,GALAXY
20.4832,19.0208,18.2783,17.8272,17.508,GALAXY
23.7725,20.8923,19.2545,18.6676,18.3234,GALAXY
21.099,19.7943,19.2218,18.8645,18.6998,GALAXY
23.3837,20.7751,19.3058,18.7076,18.338,GALAXY
18.1994,17.2818,16.9796,16.8706,16.8447,STAR
21.9776,19.7804,18.4229,17.8916,17.5223,GALAXY
23.4012,20.8503,19.2755,18.7266,18.3683,GALAXY
20.8578,19.1427,18.2298,17.7907,17.4735,GALAXY
19.2571,19.1127,18.9476,18.9485,18.8629,QSO
20.022,19.0218,18.6416,18.3986,18.1824,GALAXY
20.058,18.1578,17.2976,16.8856,16.5916,GALAXY
20.0195,18.0967,17.2447,16.8277,16.5265,GALAXY
18.8798,18.5607,17.7708,17.6627,17.6354,STAR
20.9061,19.7037,19.1296,18.7476,18.5552,GALAXY
22.2892,20.6721,19.6428,19.1185,18.7977,GALAXY
21.1853,19.5867,18.7546,18.2626,17.8265,GALAXY
18.5239,17.6358,17.3818,17.3097,17.3105,STAR
20.95,19.432,18.729,18.476,18.303,STAR
21.658,20.214,19.676,19.496,19.512,STAR
20.715,20.297,19.81,19.564,19.143,QSO
22.472,20.11,18.876,18.418,18.172,STAR
23.494,20.717,19.656,19.286,19,STAR
20.658,19.224,18.644,18.402,18.276,STAR
22.851,19.988,18.657,17.662,17.112,STAR_LATE
21.472,20.477,20.021,19.787,19.769,STAR
24.282,20.145,18.801,17.97,17.5,STAR_LATE
20.834,19.908,19.701,19.599,19.728,STAR
19.942,19.028,18.61,18.45,18.372,STAR
22.585,21.193,20.41,20.224,19.903,STAR
21.145,20.433,20.179,20.103,20.216,STAR
22.394,20.645,19.529,19.072,18.89,STAR
20.645,19.999,19.849,19.715,19.561,QSO
20.332,19.378,19.073,18.974,18.916,STAR
21.945,20.753,20.148,19.915,19.907,STAR
21.268,20.304,19.98,19.818,19.682,STAR
19.587,18.673,18.46,18.378,18.334,STAR
22.241,20.382,19.56,19.268,19.134,STAR
20.994,19.966,19.499,19.269,19.126,STAR
20.998,19.894,19.408,19.217,19.063,STAR
22.124,20.892,20.347,20.196,20.219,STAR
20.438,18.97,18.391,18.189,18.074,STAR
22.459,20.525,19.599,19.316,19.121,STAR
21.802,20.321,19.768,19.583,19.457,STAR
20.411,19.341,18.914,18.788,18.709,STAR
21.232,20.371,19.938,19.626,19.319,QSO
18.723,18.488,18.784,19.078,19.405,STAR
21.323,19.723,19.165,18.971,18.912,STAR
21.972,20.691,20.194,20.014,19.941,STAR
20.912,19.761,19.26,19.036,18.912,STAR
21.949,20.75,20.191,19.969,19.853,STAR
20.413,19.512,19.14,19.03,19.074,STAR
20.8,19.935,19.679,19.612,19.568,STAR
20.075,19.169,18.855,18.759,18.767,STAR
20.759,19.787,19.526,19.434,19.462,STAR
21.555,20.069,19.527,19.308,19.226,STAR
22.562,20.546,19.07,18.364,17.955,STAR_LATE
20.232,18.783,18.119,17.836,17.703,STAR
22.075,20.654,20.111,19.947,19.856,STAR
21.345,20.663,20.541,20.589,20.661,STAR
22.769,20.178,18.792,17.547,16.894,STAR_LATE
20.421,18.93,18.362,18.169,18.104,STAR
23.948,21.528,20.47,20.153,19.912,STAR
21.264,20.401,20.232,20.211,20.171,STAR
21.91,20.449,19.903,19.667,19.62,STAR
21.264,20.288,20.165,20.188,20.334,STAR
20.262,19.317,19.033,18.918,18.901,STAR
19.629,18.705,18.414,18.317,18.274,STAR
20.485,19.736,19.374,19.276,19.279,STAR
21.302,20.506,20.345,20.245,20.225,STAR
21.78,20.12,19.37,19.092,18.852,STAR
20.16,18.722,18.195,18.043,17.957,STAR
20.244,19.061,18.534,18.325,18.23,STAR
21.09,19.838,19.281,19.059,18.904,STAR
21.244,20.364,20.024,19.851,19.783,STAR
22.837,20.602,19.365,18.861,18.522,STAR_LATE
20.193,18.848,18.339,18.156,18.123,STAR
22.03,20.912,20.279,20.082,19.865,STAR
21.649,20.198,19.626,19.423,19.32,STAR
21.725,19.736,18.802,18.406,18.172,STAR
22.28,20.811,20.17,19.892,19.672,STAR
21.077,20.219,19.761,19.601,19.58,STAR
19.598,18.713,18.412,18.301,18.314,STAR
20.455,20.085,20.333,20.545,20.747,STAR
21.345,20.499,20.048,19.878,19.685,STAR
20.752,19.893,19.475,19.347,19.17,STAR
20.236,19.456,19.04,18.969,18.907,STAR
21.313,20.143,19.625,19.424,19.361,STAR
19.598,18.654,18.311,18.176,18.141,STAR
19.453,18.517,18.222,18.101,18.097,STAR
19.632,18.662,18.402,18.324,18.307,STAR
21.598,20.649,20.407,20.298,20.508,STAR
21.619,20.169,19.6,19.358,19.178,STAR
20.347,19.419,19.176,19.068,19.069,STAR
21.057,19.772,19.253,19.046,18.887,STAR
20.463,19.005,18.412,18.14,18.039,STAR
20.391,19.593,19.32,19.169,19.14,STAR
22.963,19.479,18.357,17.931,17.687,STAR
21.234,20.034,19.455,19.255,19.087,STAR
20.808,20.358,19.839,19.585,19.581,QSO
20.815,19.939,19.615,19.439,19.382,STAR
20.74,19.694,19.368,19.183,19.162,STAR
20.966,19.992,19.596,19.403,19.391,STAR
21.741,20.376,20.439,20.599,20.591,STAR
19.964,19.027,18.776,18.69,18.682,STAR
21.591,20.096,19.623,19.423,19.393,STAR
21.468,20.434,20.329,20.334,20.415,STAR
21.32,19.547,18.776,18.466,18.295,STAR
20.511,19.464,19.053,18.873,18.838,STAR
21.329,19.281,18.334,17.978,17.768,STAR
20.755,19.608,19.055,18.831,18.746,STAR
22.261,20.999,20.463,20.287,20.162,STAR
21.29,20.228,19.734,19.528,19.395,STAR
22.03,20.868,20.291,20.089,19.888,STAR
21.024,20.107,19.829,19.709,19.716,STAR
21.279,19.645,18.935,18.697,18.56,STAR
21.453,19.522,18.646,18.25,18.085,STAR
21.407,19.834,19.099,18.806,18.682,STAR
21.238,19.76,19.234,19.008,18.928,STAR
20.508,19.546,19.218,19.125,19.021,STAR
21.582,20.027,19.288,18.988,18.845,STAR
22.113,19.827,18.378,17.631,17.221,STAR_LATE
21.483,20.652,20.499,20.371,20.075,HIZ_QSO
20.516,19.746,19.493,19.395,19.408,STAR
21.404,20.471,19.946,19.76,19.717,STAR
21.203,19.863,19.292,19.023,18.96,STAR
21.281,19.725,18.996,18.697,18.506,STAR
19.944,19.074,18.757,18.628,18.549,STAR
23.5,20.625,19.241,18.481,18.029,STAR_LATE
20.92,20.155,19.838,19.713,19.743,STAR
20.32,19.2,19.245,19.356,19.335,STAR
21.824,20.669,20.248,20.012,20.012,STAR
22.448,20.881,20.326,20.069,20.085,STAR
20.915,20.148,19.909,19.857,19.937,STAR
20.863,19.435,18.892,18.689,18.484,STAR
21.374,20.62,20.475,20.298,20.3,STAR
22.237,20.444,19.33,18.894,18.602,STAR
20.511,20.401,20.135,20.193,20.167,QSO
21.885,20.661,20.159,19.969,20.067,STAR
19.494,18.594,18.35,18.268,18.248,STAR
20.503,19.253,18.718,18.513,18.384,STAR
21.693,19.478,18.326,17.884,17.631,STAR
22.308,20.563,19.744,19.406,19.193,STAR
23.183,21.18,19.841,19.149,18.817,STAR_LATE
21.481,20.643,20.295,20.164,19.998,STAR
20.925,19.825,19.335,19.173,19.067,STAR
22.123,20.756,20.259,20.072,20.035,STAR
20.058,19.614,19.975,20.204,20.361,STAR
19.919,19.016,18.73,18.617,18.619,STAR
22.08,19.987,19.073,18.712,18.461,STAR
23.903,20.765,19.361,18.613,18.166,STAR_LATE
20.546,19.66,19.373,19.271,19.316,STAR
19.775,18.785,18.504,18.4,18.328,STAR
20.663,19.922,19.652,19.594,19.513,STAR
18.649,17.498,17.104,16.961,16.918,STAR
24.938,21.078,19.656,18.895,18.398,STAR_LATE
20.906,19.642,19.154,18.997,18.874,STAR
21.515,20.134,19.469,19.233,19.087,STAR
20.32,19.398,19.117,19.022,18.976,STAR
20.033,19.06,18.757,18.614,18.56,STAR
21.336,20.281,19.836,19.689,19.687,STAR
21.375,20.262,19.802,19.598,19.54,STAR
20.99,19.762,19.239,19.037,18.928,STAR
22.178,19.892,18.491,17.726,17.296,STAR_LATE
21.068,19.935,19.382,19.159,19.012,STAR
17.626,16.395,15.979,15.835,15.754,STAR
20.345,19.267,18.762,18.524,18.379,STAR
22.251,20.191,19.27,18.916,18.728,STAR
20.358,18.741,18.166,17.942,17.844,STAR
19.646,18.741,18.444,18.346,18.335,STAR
21.756,20.787,20.048,19.744,19.288,QSO
21.847,19.968,19.108,18.802,18.615,STAR
21.428,20.507,20.224,20.144,20.118,STAR
22.655,19.982,18.809,18.367,18.069,STAR
19.902,19.044,18.828,18.755,18.769,STAR
21.29,20.268,19.866,19.716,19.848,STAR
21.262,20.322,20.144,20.109,20.263,STAR
22.15,20.384,19.526,19.177,18.964,STAR
21.824,19.831,19.004,18.641,18.411,STAR
20.175,19.198,18.882,18.775,18.811,STAR
23.44,20.976,19.546,18.669,18.188,STAR_LATE
20.47,19.557,19.383,19.305,19.369,STAR
21.399,20.307,20.305,20.397,20.25,HIZ_QSO
20.744,19.688,19.502,19.335,19.165,HIZ_QSO
22.914,20.372,19.159,18.693,18.433,STAR
20.028,19.115,18.832,18.743,18.659,STAR
22.589,20.597,19.264,18.518,18.103,STAR_LATE
20.456,19.008,18.482,18.277,18.196,STAR
20.858,19.488,18.9,18.569,18.599,STAR
20.618,20.049,20.053,20.082,19.853,HIZ_QSO
20.031,18.691,18.151,17.927,17.817,STAR
22.466,20.934,20.392,20.234,20.198,STAR
20.06,19.011,19.183,19.343,19.389,STAR
22.465,19.999,18.668,17.836,17.38,STAR_LATE
23.051,21.176,19.855,19.195,18.823,STAR
22.814,20.445,19.388,18.984,18.782,STAR
21.149,20.266,19.988,19.924,19.74,STAR
21.8,19.413,18.324,17.935,17.699,STAR
22.364,20.253,19.348,19.009,18.922,STAR
23.117,20.414,19.034,18.406,18.007,STAR_LATE
22.483,20.481,19.174,18.635,18.275,STAR_LATE
22.155,19.546,18.408,18.012,17.77,STAR
21.481,20.565,20.077,19.894,19.838,STAR
21.097,20.196,19.915,19.755,19.658,STAR
21.004,19.55,18.759,18.463,18.252,STAR
20.255,19.329,19.143,19.089,19.071,STAR
19.695,18.417,18.646,18.799,18.881,STAR
22.117,21.113,20.601,20.369,20.161,STAR
21.897,20.742,20.275,20.045,19.948,STAR
20.713,19.063,18.519,18.283,18.191,STAR
21.996,19.607,18.47,18.064,17.837,STAR
21.356,20.216,19.637,19.504,19.478,STAR
20.628,19.411,18.87,18.659,18.534,STAR
21.552,19.289,18.332,17.927,17.679,STAR
21.286,20.407,20.192,20.08,20.164,STAR
20.374,18.986,18.46,18.298,18.233,STAR
20.944,20.058,19.723,19.629,19.714,STAR
20.851,19.463,18.89,18.661,18.541,STAR
22.005,20.799,20.284,20.064,19.941,STAR
21.064,20.05,19.943,19.949,19.998,STAR
23.043,20.074,18.969,18.558,18.327,STAR
18.205,17.367,17.094,16.979,16.925,STAR
19.536,18.548,18.218,18.122,18.083,STAR
20.877,19.946,19.64,19.537,19.493,STAR
21.2,20.489,20.187,20.137,20.166,STAR
21.37,19.958,19.222,18.929,18.836,STAR
21.108,20.276,19.991,19.922,20.146,STAR
19.823,18.965,18.826,18.751,18.467,HIZ_QSO
20.634,19.834,19.663,19.634,19.593,STAR
19.977,19.13,18.858,18.762,18.742,STAR
18.209,17.005,16.59,16.454,16.388,STAR
20.743,19.939,19.682,19.62,19.57,STAR
20.031,19.005,18.545,18.364,18.312,STAR
21.478,20.158,19.592,19.379,19.258,STAR
22.039,20.908,20.414,20.245,20.246,STAR
20.885,19.497,18.964,18.738,18.619,STAR
19.896,19.858,20.25,20.528,20.728,STAR
21.672,20.265,19.751,19.544,19.424,STAR
22.084,19.673,18.491,17.958,17.689,STAR_LATE
18.797,18.793,19.144,19.424,19.696,STAR
17.919,16.648,16.223,16.092,16.027,STAR
21.076,19.788,19.218,18.988,18.869,STAR
21.832,20.351,19.809,19.576,19.564,STAR
22.988,20.331,18.953,18.284,17.913,STAR_LATE
21.55,20.026,19.5,19.318,19.08,STAR
15.979,14.889,14.541,14.451,14.423,STAR
21.777,20.987,20.467,20.158,19.754,QSO
20.46,19.571,19.297,19.16,19.105,STAR
19.438,17.947,17.237,16.939,16.893,STAR
20.826,19.973,19.717,19.63,19.476,STAR
20.956,20.001,19.808,19.851,19.904,STAR
21.379,20.686,20.479,20.459,20.372,STAR
21.586,20.462,19.947,19.742,19.52,STAR
21.702,20.744,20.273,20.112,20.066,STAR
23.013,20.646,19.159,18.017,17.365,STAR_LATE
20.478,19.165,19.315,19.358,19.449,STAR
22.355,19.72,18.528,18.069,17.792,STAR
20.674,19.937,19.691,19.602,19.605,STAR
18.384,17.378,17,16.839,16.804,STAR
23.521,20.648,19.754,19.431,19.17,STAR
20.748,19.368,18.828,18.644,18.518,STAR
23.063,21.021,20.084,19.748,19.644,STAR
21.298,20.408,20.393,20.395,20.053,QSO
20.155,18.975,18.479,18.273,18.136,STAR
20.006,18.886,18.466,18.325,18.248,STAR
21.428,20.116,20.056,20,20.086,STAR
22.587,20.674,19.368,18.788,18.447,STAR_LATE
19.171,19.218,19.512,19.808,19.99,STAR
23.238,20.892,19.597,19.051,18.764,STAR
22.49,20.597,19.766,19.485,19.331,STAR
22.875,19.957,18.629,17.877,17.449,STAR_LATE
20.604,19.177,18.61,18.435,18.321,STAR
23.584,20.985,19.894,19.479,19.156,STAR
20.588,19.202,18.651,18.401,18.299,STAR
21.26,20.415,20.17,20.067,20.019,STAR
25.477,21.382,19.872,19.123,18.695,STAR_LATE
21.352,19.294,18.438,18.058,17.829,STAR
22.093,21.111,20.578,20.463,20.798,STAR
21.143,19.962,19.447,19.234,19.22,STAR
21.799,20.897,20.531,20.398,20.361,STAR
22.515,20.786,20.24,20.134,19.81,STAR
18.494,17.455,17.126,17.012,16.996,STAR
21.341,20.325,19.842,19.668,19.588,STAR
23.014,21.306,20.53,20.207,20.051,STAR
23.11,20.222,18.813,17.537,16.86,STAR_LATE
21.937,20.692,20.847,20.981,21.124,STAR
21.13,20.199,19.877,19.691,19.603,STAR
21.235,20.26,19.791,19.646,19.478,STAR
20.945,19.259,18.477,18.169,17.988,STAR
21.1,19.805,19.839,19.998,19.89,STAR
22.078,20.806,20.32,20.098,19.895,STAR
21.476,20.549,20.351,20.398,20.199,STAR
22.557,20.23,19.109,18.657,18.359,STAR
22.42,20.595,19.409,18.893,18.59,STAR_LATE
21.977,20.699,20.8,20.91,21.383,STAR
21.439,20.493,20.357,20.36,20.275,STAR
21.405,20.252,19.755,19.536,19.398,STAR
21.06,20.208,19.913,19.78,19.742,STAR
22.85,20.089,18.783,18.202,17.829,STAR_LATE
22.469,19.798,18.638,18.135,17.853,STAR_LATE
17.787,16.892,16.62,16.532,16.473,STAR
23.048,20.893,20.056,19.824,19.578,STAR
21.545,20.37,19.643,19.328,19.087,STAR
20.64,19.042,18.461,18.255,18.154,STAR
19.826,18.825,18.479,18.332,18.207,STAR
20.577,20.44,19.994,20.21,20,QSO
20.861,20.04,19.769,19.652,19.587,STAR
21.48,20.212,19.67,19.458,19.355,STAR
22.963,20.178,19.196,18.81,18.516,STAR
22.012,19.727,18.669,18.252,18.003,STAR
19.962,18.982,18.664,18.545,18.508,STAR
20.726,19.215,18.625,18.362,18.246,STAR
22.497,20.223,18.804,18,17.55,STAR_LATE
20.52,19.541,19.183,19.061,18.964,STAR
21.949,19.727,18.734,18.388,18.166,STAR
21.062,19.072,18.301,17.992,17.831,STAR
20.402,19.254,18.773,18.573,18.543,STAR
22.136,20.874,20.374,20.159,19.826,STAR
21.177,20.185,19.746,19.579,19.358,STAR
22.596,19.945,18.582,18.006,17.659,STAR_LATE
22.817,20.665,19.691,19.284,18.986,STAR
20.79,19.495,18.965,18.719,18.655,STAR
21.196,20.497,19.845,19.742,19.47,QSO
21.269,20.51,20.315,20.233,20.097,STAR
21.484,20.743,20.445,20.357,20.265,STAR
19.8,18.852,18.512,18.349,18.294,STAR
21.831,20.015,19.185,18.825,18.646,STAR
20.856,19.934,19.647,19.475,19.537,STAR
21.544,20.722,20.358,20.233,20.084,STAR
21.337,20.218,19.704,19.449,19.202,STAR
21.825,20.75,20.56,20.499,20.401,STAR
22.281,19.742,18.454,17.924,17.637,STAR_LATE
22.19,19.935,18.758,18.314,18.046,STAR
20.014,20,19.784,19.94,19.837,QSO
20.335,19.32,19.047,18.919,18.952,STAR
20.317,19.814,20.041,20.274,20.308,STAR
19.825,18.946,18.54,18.403,18.352,STAR
20.698,19.602,19.113,18.904,18.83,STAR
20.19,19.325,18.963,18.843,18.775,STAR
20.177,18.861,18.276,18.058,17.946,STAR
20.796,19.745,19.811,19.858,19.914,STAR
19.642,18.685,18.382,18.279,18.278,STAR
21.319,19.949,19.266,19.005,18.87,STAR
23.828,21.042,19.773,19.111,18.802,STAR_LATE
22.595,20.266,18.873,17.678,17.05,STAR_LATE
21.171,19.101,18.1,17.71,17.467,STAR
22.091,19.938,18.72,18.187,17.899,STAR_LATE
20.403,18.9,18.367,18.15,18.042,STAR
17.434,16.521,16.267,16.153,16.114,STAR
22.062,19.693,18.261,17.148,16.553,STAR_LATE
21.726,19.361,18.376,18.009,17.818,STAR
21.173,19.572,18.778,18.495,18.323,STAR
21.416,20.011,19.241,18.891,18.68,STAR
21.234,20.408,20.096,20.04,19.898,STAR
19.653,18.613,18.546,18.545,18.602,STAR
20.925,19.644,19.055,18.815,18.663,STAR
21.412,19.874,19.38,19.178,19.031,STAR
20.818,20.289,20.015,19.935,19.766,QSO
21.79,20.613,20.42,20.332,20.494,STAR
22.274,20.972,19.688,18.723,18.192,STAR_LATE
22.214,19.735,18.773,18.382,18.164,STAR
18.497,17.279,16.869,16.723,16.646,STAR
20.357,18.882,18.351,18.16,18.096,STAR
20.4,19.401,18.966,18.819,18.702,STAR
21.009,19.654,19.138,18.92,18.766,STAR
17.954,16.757,16.366,16.219,16.156,STAR
20.71,19.897,19.478,19.284,19.129,STAR
21.48,20.553,20.366,20.339,20.247,STAR
21.36,19.74,19.088,18.82,18.671,STAR
20.881,18.997,18.115,17.742,17.526,STAR
21.561,20.63,20.35,20.324,20.065,STAR
20.687,19.693,19.529,19.582,19.741,STAR
21.841,19.533,18.59,18.224,18.003,STAR
22.337,20.861,19.876,19.516,19.391,STAR
19.909,18.767,18.308,18.104,18.017,STAR
21.565,20.45,19.912,19.702,19.599,STAR
21.231,19.919,19.308,19.101,19.006,STAR
20.805,19.591,19.049,18.817,18.748,STAR
21.772,20.26,19.703,19.479,19.362,STAR
22.56,20.753,19.686,19.208,18.872,STAR
22.044,21.041,20.494,20.281,20.151,STAR
22.018,20.67,20.102,19.904,19.66,STAR
20.345,19.994,20.324,20.566,21.002,STAR
22.902,20.354,18.956,18.286,17.922,STAR_LATE
21.077,20.168,20.182,20.176,20.352,STAR
23.098,21.076,19.928,19.377,19.162,STAR
19.951,19.425,19.436,19.356,19.417,QSO
21.718,19.936,19.395,19.187,19.08,STAR
20.901,19.62,19.06,18.805,18.668,STAR
23.285,20.416,19.393,18.917,18.688,STAR
19.763,18.673,18.91,19.106,19.168,STAR
20.882,20.262,20.508,20.714,20.689,STAR
22.508,20.953,20.466,20.258,20.003,STAR
21.255,20.449,20.137,20.065,19.927,STAR
20.123,19.473,19.251,19.169,19.063,STAR
24.912,21.292,19.879,19.044,18.607,STAR_LATE
21.095,20.049,19.812,19.729,19.599,STAR
21.687,20.192,19.653,19.39,19.204,STAR
22.276,21.053,20.507,20.312,20.063,STAR
21.14,20.241,19.797,19.653,19.433,STAR
20.234,19.407,19.203,19.079,19.084,STAR
22.959,20.577,19.516,19.106,18.88,STAR
23.289,20.217,18.7,18.082,17.684,STAR
17.149,15.947,15.561,15.399,15.364,STAR
21.857,20.441,19.953,19.759,19.574,STAR
20.371,19.49,19.199,19.115,19.05,STAR
23.245,20.678,19.344,18.656,18.31,STAR_LATE
20.043,19.096,18.79,18.661,18.658,STAR
20.437,19.45,19.143,19.011,19.012,STAR
21.698,19.681,18.8,18.438,18.203,STAR
22.198,20.589,19.722,19.371,19.298,STAR
21.019,19.887,19.407,19.171,19.162,STAR
20.3,19.123,18.574,18.374,18.243,STAR
22.446,20.143,18.768,18.058,17.644,STAR_LATE
23.44,20.388,19.215,18.754,18.446,STAR
22.299,20.032,18.962,18.575,18.358,STAR
19.032,19.111,19.552,19.837,20.198,STAR
22.582,20.367,19.078,18.326,17.894,STAR_LATE
22.002,20.488,19.936,19.726,19.541,STAR
22.191,20.892,20.349,20.082,20.008,STAR
21.169,20.268,19.972,19.871,19.928,STAR
22.903,20.248,18.99,18.455,18.159,STAR
22.093,20.567,20.017,19.823,19.801,STAR
23.263,20.77,19.595,19.155,18.899,STAR
21.617,20.964,20.465,20.218,20.205,QSO
22.007,20.709,20.276,19.998,20.056,STAR
21.146,20.481,20.167,20.016,19.961,STAR
21.376,20.13,19.574,19.334,19.165,STAR
20.54,19.338,18.845,18.62,18.528,STAR
22.045,20.922,20.443,20.159,20.264,STAR
21.292,19.418,18.623,18.292,18.138,STAR
21.561,19.67,18.78,18.401,18.264,STAR
19.73,18.984,18.841,18.797,18.549,HIZ_QSO
17.355,16.187,15.863,15.689,15.619,STAR
21.143,20.203,20.069,20.028,20.33,STAR
23.691,21.172,19.85,19.071,18.575,STAR_LATE
21.623,20.671,20.398,20.305,20.214,STAR
21.626,20.622,20.364,20.242,20.033,STAR
20.275,18.988,18.495,18.261,18.147,STAR
22.675,20.16,18.759,18.026,17.63,STAR_LATE
19.696,18.748,18.375,18.176,18.069,STAR
20.672,19.331,18.784,18.579,18.477,STAR
21.678,20.518,19.992,19.795,19.662,STAR
21.435,20.564,20.287,20.188,20.134,STAR
23.472,20.65,19.484,18.953,18.701,STAR
20.845,19.876,19.447,19.298,19.267,STAR
22.557,20.765,19.901,19.604,19.336,STAR
22.224,20.851,20.171,19.956,19.753,STAR
19.704,18.984,19.006,18.985,18.775,HIZ_QSO
22.41,20.956,20.458,20.27,20.189,STAR
23.503,20.256,18.846,17.563,16.875,STAR_LATE
21.116,20.467,20.073,19.749,19.773,GALAXY
20.451,19.473,19.135,19.009,18.87,STAR
20.696,19.444,18.91,18.697,18.539,STAR
21.031,19.728,19.123,18.874,18.738,STAR
21.276,19.958,19.405,19.179,19.089,STAR
20.753,19.527,18.911,18.649,18.517,STAR
22.364,20.732,20.241,20.004,19.957,STAR
20.496,19.805,19.701,19.613,19.466,QSO
21.018,20.148,19.787,19.682,19.6,STAR
20.461,19.631,19.368,19.253,19.224,STAR
20.895,20.034,19.63,19.486,19.343,STAR
22.402,19.95,18.769,18.27,17.956,STAR
21.402,20.577,20.31,20.276,20.221,STAR
20.516,19.209,18.673,18.47,18.369,STAR
22.087,20.89,20.25,19.98,19.788,STAR
19.489,18.696,18.476,18.394,18.377,STAR
20.732,19.659,19.194,18.98,18.847,STAR
20.185,18.869,18.349,18.111,18.009,STAR
19.929,19.573,19.243,19.221,19.218,QSO
20.894,20.322,20.23,20.236,20.05,QSO
22.852,20.348,19.341,18.752,18.358,STAR_LATE
20.244,19.68,19.759,19.595,19.366,HIZ_QSO
22.108,20.982,20.474,20.306,20.162,STAR
22.699,20.465,19.133,18.477,18.126,STAR_LATE
21.578,20.12,19.608,19.38,19.313,STAR
22.281,20.602,20.009,19.75,19.607,STAR
22.077,19.496,18.315,17.9,17.643,STAR
20.109,19.035,19.024,19.079,19.149,STAR
19.918,19.126,18.819,18.751,18.712,STAR
21.56,20.622,20.129,19.933,19.838,STAR
21.522,19.961,19.395,19.242,19.099,STAR
21.64,19.906,19.112,18.795,18.627,STAR
22.133,20.52,19.662,19.341,19.12,STAR
17.758,16.753,16.432,16.323,16.301,STAR
21.469,20.156,19.591,19.374,19.163,STAR
20.032,20.499,20.969,21.267,21.478,STAR
20.604,19.444,18.892,18.685,18.607,STAR
20.779,19.551,19.529,19.572,19.63,STAR
20.691,20.365,20.102,20.034,19.73,QSO
20.689,19.37,18.857,18.647,18.519,STAR
20.269,19.294,19.118,19.073,19.188,STAR
20.528,19.653,19.313,19.225,19.131,STAR
21.604,19.537,18.497,18.087,17.863,STAR
20.071,18.772,18.977,19.155,19.231,STAR
19.973,18.972,18.541,18.366,18.29,STAR
23.04,21.013,19.618,18.996,18.674,STAR_LATE
22.275,19.864,18.658,18.093,17.749,STAR_LATE
23.686,21.002,19.627,18.988,18.656,STAR_LATE
22.689,21.291,20.449,20.142,19.837,STAR
22.89,20.912,19.454,18.702,18.243,STAR_LATE
20.761,19.624,19.452,19.427,19.411,STAR
20.577,19.305,18.8,18.646,18.582,STAR
23.278,21.06,19.761,19.149,18.762,STAR_LATE
19.545,18.7,18.364,18.225,18.164,STAR
22.07,20.935,20.397,20.137,20.025,STAR
20.129,18.862,18.251,18.056,17.904,STAR
20.94,19.514,18.956,18.692,18.62,STAR
22.381,20.799,20.218,19.935,19.833,STAR
23.583,21.126,19.889,19.4,19.152,STAR_LATE
20.567,19.642,19.372,19.298,19.233,STAR
22.295,19.909,18.591,18.095,17.788,STAR_LATE
21.927,19.519,18.316,17.779,17.454,STAR_LATE
20.622,19.24,18.703,18.478,18.364,STAR
22.463,20.409,19.101,18.481,18.155,STAR_LATE
20.471,19.271,18.687,18.462,18.38,STAR
21.656,20.56,20.394,20.389,20.398,STAR
20.916,19.965,19.741,19.651,19.445,STAR
20.894,19.683,19.154,18.971,18.835,STAR
22.259,21.045,20.484,20.164,20.322,STAR
17.732,16.665,16.294,16.183,16.123,STAR
21.627,20.712,20.644,20.669,20.386,QSO
21.171,20.069,19.576,19.348,19.261,STAR
20.505,19.231,18.711,18.493,18.353,STAR
22.175,21.014,20.508,20.34,20.272,STAR
20.307,19.372,19.026,18.887,18.755,STAR
22.248,19.922,18.807,18.376,18.143,STAR
22.653,20.017,18.635,18,17.678,STAR_LATE
22.574,21.164,20.646,20.323,20.395,STAR
22.472,20.598,19.752,19.433,19.2,STAR
23.1,20.903,19.51,18.82,18.438,STAR_LATE
20.844,19.231,18.606,18.356,18.163,STAR
21.055,19.758,19.219,19.023,18.865,STAR
22.148,20.16,19.331,19.053,18.991,STAR
20.199,18.737,18.196,17.991,17.892,STAR
21.098,20.084,19.756,19.639,19.587,STAR
22.087,20.832,20.262,20.023,19.984,STAR
20.975,20.497,20.411,20.373,20.345,HIZ_QSO
20.777,19.342,18.773,18.549,18.502,STAR
20.868,20.337,20.252,20.23,19.95,QSO
20.709,19.845,19.6,19.491,19.547,STAR
20.933,19.936,19.562,19.429,19.375,STAR
20.258,19.379,19.047,18.921,18.922,STAR
21.787,20.22,19.455,19.152,19.087,STAR
21.278,20.543,20.31,20.263,20.216,STAR
20.514,19.163,18.625,18.431,18.405,STAR
20.714,19.805,19.421,19.246,19.132,STAR
22.187,20.265,19.371,19.034,18.85,STAR
21.103,20.369,19.913,19.742,19.708,STAR
21.636,20.559,19.974,19.726,19.595,STAR
21.17,20.244,19.89,19.757,19.784,STAR
23.638,20.535,19.07,18.338,17.943,STAR_LATE
19.548,18.405,18.61,18.803,18.889,STAR
23.18,20.399,19.483,19.171,19.025,STAR
20.923,20.186,20.003,19.997,20.039,HIZ_QSO
19.598,18.373,18.513,18.615,18.706,STAR
22.785,21.28,19.828,19.005,18.512,STAR_LATE
20.539,19.27,18.727,18.496,18.39,STAR
21.292,20.209,19.626,19.366,19.284,STAR
21.578,20.686,20.486,20.381,20.473,STAR
18.041,17.095,16.853,16.773,16.773,STAR
20.012,18.752,18.209,17.958,17.814,STAR
21.126,20.358,20.036,20.002,19.948,STAR
21.394,20.572,20.296,20.139,20.167,STAR
21.478,20.699,20.209,20.101,20.134,STAR
20.85,19.486,18.926,18.695,18.596,STAR
22.679,20.767,19.922,19.576,19.386,STAR
21.485,20.526,20.487,20.443,20.382,STAR
18.354,17.231,16.859,16.729,16.697,STAR
21.692,20.694,20.383,20.238,20.38,STAR
21.408,20.63,20.298,20.211,20.252,STAR
19.633,18.701,18.384,18.268,18.274,STAR
20.672,19.342,18.802,18.588,18.502,STAR
21.838,19.544,18.396,17.956,17.716,STAR
22.761,21.093,19.861,19.313,19.036,STAR
20.314,19.557,19.18,19.054,18.95,STAR
22.533,20.507,19.686,19.366,19.3,STAR
22.289,20.836,20.092,19.779,19.879,STAR
22.375,20.443,19.549,19.159,18.975,STAR
21.818,20.588,20.278,20.13,20.404,STAR
23.793,20.559,19.322,18.775,18.44,STAR_LATE
21.372,20.5608,19.9958,19.4938,19.2891,QSO
20.9983,19.383,19.1879,19.0699,19.0058,HIZ_QSO
23.2901,23.4885,21.3915,20.5783,19.6149,STAR_LATE
21.8517,19.2282,17.7445,16.4753,15.8048,STAR_LATE
19.1727,18.9012,18.8442,18.7374,18.6753,QSO
20.0087,19.9154,19.7628,19.305,19.2054,QSO
19.2447,19.0062,18.7602,18.6134,18.5684,QSO
24.3143,22.998,21.5379,20.018,18.936,STAR_LATE
19.7451,19.785,19.4328,19.364,19.4312,QSO
18.8499,18.8045,18.6149,18.5991,18.6123,QSO
18.8183,18.831,18.5999,18.5331,18.5699,QSO
19.8551,19.297,19.3738,19.277,19.0802,QSO
19.3879,19.1615,19.1499,19.066,18.9639,QSO
23.8981,20.6358,20.0557,19.4499,19.3724,QSO
21.4344,18.8902,17.4895,16.4893,15.9479,STAR_LATE
24.7197,24.1422,23.6564,20.9413,19.0638,STAR_LATE
21.8113,19.22,17.8039,17.0311,16.5983,STAR_LATE
19.8721,19.814,19.3518,19.304,19.3744,QSO
24.4851,20.6918,20.2997,20.2884,20.2296,HIZ_QSO
19.3164,19.2363,19.0045,18.9983,19.1297,QSO
19.2023,18.9993,18.8635,18.8733,18.7453,QSO
20.6001,19.86,19.0639,18.616,18.3045,QSO
20.338,17.7283,16.4685,15.8423,15.5159,STAR_LATE
18.6013,18.5791,18.4459,18.4041,17.9422,QSO
19.5999,19.4865,19.4209,19.192,19.1415,QSO
19.9968,19.5495,19.6059,19.382,19.5332,QSO
19.9861,19.517,19.4568,19.369,19.1261,QSO
19.8463,19.7323,19.4775,19.4222,19.5403,QSO
19.5124,19.2523,19.1585,18.9743,18.946,QSO
18.7485,18.3503,18.1876,18.0783,17.9647,QSO
20.3651,20.0532,19.3995,19.1583,18.6484,QSO
20.0332,19.5302,19.1314,19.0481,18.9039,QSO
19.5205,19.3857,19.275,18.9748,18.8503,QSO
19.5019,19.1292,19.0216,18.8229,18.7569,QSO
20.2858,19.5715,18.793,18.3841,18.1915,QSO
19.1665,19.0867,18.946,18.8298,18.9062,QSO
23.3439,22.3011,20.7858,19.8739,19.0976,STAR_LATE
19.2436,19.2617,18.856,18.8008,19.003,QSO
19.6655,19.5177,19.262,19.4327,19.4916,QSO
18.5407,18.4972,18.4802,18.4044,18.0217,QSO
19.2055,19.1423,18.922,18.8283,18.9538,QSO
20.1373,19.5467,19.444,19.4207,19.2295,QSO
19.0768,18.8625,18.8373,18.6283,18.3306,QSO
18.5485,18.4343,18.324,18.3184,18.1834,QSO
21.9561,19.8461,19.5616,19.3888,19.3338,HIZ_QSO
19.1009,18.7112,18.6946,18.5089,18.5351,QSO
19.4064,19.2232,19.0855,19.0371,18.9109,QSO
25.1359,23.1927,21.2555,20.0594,19.4588,STAR_LATE
19.1614,19.1123,19.175,19.0173,19.0476,QSO
18.8925,18.8087,18.631,18.6428,18.7274,QSO
19.1025,18.8917,19.004,18.8618,18.6185,QSO
19.5744,19.3742,19.1945,19.3241,19.5671,QSO
22.4924,19.6832,18.1845,17.0302,16.4107,STAR_LATE
19.0965,18.7907,18.706,18.5728,18.3967,QSO
19.8747,19.1791,19.0876,18.9918,18.7689,HIZ_QSO
19.7858,19.5901,19.3366,19.3558,19.535,QSO
18.4164,17.9373,17.797,17.8084,17.6595,QSO
18.8457,18.7402,18.4852,18.4544,18.1287,QSO
18.9715,18.7568,18.6266,18.674,18.5824,QSO
22.1631,20.634,19.7694,18.6542,18.0426,STAR_LATE
19.2814,18.8916,18.525,18.6048,18.6045,QSO
19.9204,19.4073,19.3924,19.3611,19.0966,QSO
18.3644,18.0427,17.834,17.8308,17.8249,QSO
19.4593,19.0972,18.817,18.5253,18.5052,QSO
19.3275,19.0938,19.0506,19.233,19.0907,QSO
17.5656,17.1873,17.0615,17.0892,16.9467,QSO
19.8957,19.7625,19.4683,19.3822,19.2923,QSO
19.9007,19.6445,19.2523,19.1263,19.1147,QSO
18.8023,19.0002,18.753,18.7373,18.8229,QSO
18.6043,18.3552,18.276,18.4133,18.3433,QSO
17.7114,17.4472,17.194,16.7004,16.6366,QSO
21.7406,19.3212,17.7862,16.6144,15.9624,STAR_LATE
21.3218,19.1593,17.7645,16.5487,15.9031,STAR_LATE
20.2633,20.0326,19.9587,19.5162,19.6397,QSO
22.1507,19.5975,18.1222,16.9884,16.3453,STAR_LATE
18.8539,18.5356,18.4392,18.3804,18.1951,QSO
22.3125,19.8276,18.3079,17.3213,16.7737,STAR_LATE
26.1413,20.97,20.1906,19.984,19.9315,QSO
20.7834,20.7819,20.4823,20.4057,20.4385,QSO
20.6504,20.3745,20.0166,19.9945,20.0081,QSO
20.8337,20.7062,20.3493,20.2972,20.3909,QSO
20.3181,20.1071,19.9614,19.8813,19.8332,QSO
24.8149,23.1902,21.5338,19.6803,18.579,STAR_LATE
20.7866,19.7709,19.127,18.9644,18.6953,QSO
20.7799,20.5956,20.3077,20.4498,20.2438,QSO
23.9758,23.2632,22.2824,19.7043,18.4457,STAR_LATE
21.8474,19.3878,17.961,17.0426,16.5341,STAR_LATE
20.0928,19.4882,19.3698,19.3438,19.1786,HIZ_QSO
21.9774,19.8455,18.3638,17.4017,16.8747,STAR_LATE
22.6839,20.3723,18.6778,17.9821,17.5933,STAR_LATE
20.5574,20.5971,20.5392,20.1372,19.9541,QSO
22.1253,19.6211,18.2451,17.2235,16.6959,STAR_LATE
19.4385,19.289,18.825,18.2904,18.2036,QSO
19.7243,19.2573,19.2452,19.0045,18.8812,QSO
22.9315,21.3847,19.5472,18.2712,17.8633,STAR_LATE
19.6694,19.0202,18.9301,18.9374,18.8608,HIZ_QSO
19.748,19.8475,19.5433,19.4938,19.3343,QSO
22.2137,19.796,18.4931,17.8284,17.4394,STAR_LATE
19.9853,19.9413,19.4992,19.236,18.6605,QSO
19.8118,19.4869,19.0683,19.0652,18.8977,QSO
20.6934,20.3803,19.9572,19.6978,19.8456,QSO
19.2085,18.7191,18.5956,18.5965,18.4356,HIZ_QSO
21.8989,19.8937,18.3739,17.4552,16.9594,STAR_LATE
25.5026,22.1774,20.9646,20.6262,20.3961,STAR_LATE
22.6751,20.8259,20.6107,20.5515,20.4196,HIZ_QSO
23.5455,21.9327,20.6624,19.695,19.1322,STAR_LATE
25.6788,24.0144,21.7738,20.4274,19.8588,STAR_LATE
19.505,19.4935,19.0693,19.1639,19.1009,QSO
19.8278,19.6787,19.3919,19.4801,19.4403,QSO
20.3086,19.8773,19.8641,19.6244,19.4952,QSO
20.6777,20.0594,19.7822,19.3695,19.3558,QSO
21.1001,20.5024,19.6012,19.1075,18.8539,QSO
20.4163,19.6745,19.5849,19.6588,19.3114,HIZ_QSO
24.7175,21.6023,20.9642,20.6761,20.4039,QSO
23.854,21.8023,20.1968,19.2069,19.0782,STAR_LATE
23.936,23.2355,20.7291,20.6532,20.2617,QSO
20.0252,19.8354,19.6408,19.4333,19.3876,QSO
22.8812,20.2098,20.0056,19.9981,19.7201,HIZ_QSO
19.0158,18.7416,18.5448,18.4835,18.6213,QSO
20.0553,19.9576,19.5989,19.4799,19.3326,QSO
19.3977,19.3121,19.2096,19.0597,18.9353,QSO
22.8782,22.7978,21.5221,19.5786,18.5068,STAR_LATE
21.4265,18.9405,17.4987,16.2694,15.6037,STAR_LATE
19.6697,19.4266,19.2254,19.1358,18.8358,QSO
19.5631,19.4247,19.1966,19.3131,19.196,QSO
22.607,21.7077,20.4403,19.2042,18.535,STAR_LATE
22.0681,19.5023,18.1329,17.1372,16.6078,STAR_LATE
21.9959,19.3724,17.9403,16.7168,16.1134,STAR_LATE
22.0544,19.7062,18.2242,16.9608,16.3163,STAR_LATE
20.6236,20.2812,19.6892,19.2807,19.1172,QSO
20.3251,19.7261,19.5899,19.3289,19.3725,QSO
22.9901,20.4098,18.8766,18.3196,17.9406,STAR_LATE
21.1171,18.5789,17.1546,16.5756,16.1888,STAR_LATE
21.3213,18.8623,17.4168,16.2558,15.5959,STAR_LATE
21.5215,18.7739,17.4669,16.9249,16.6133,STAR_LATE
22.8309,21.7548,20.296,19.11,18.5029,STAR_LATE
23.0551,21.2321,19.5896,18.6676,18.1386,STAR_LATE
22.6836,21.5364,19.9155,19.2606,18.8141,STAR_LATE
21.3054,18.7199,17.3976,16.9746,16.7227,STAR_LATE
19.39,18.9856,19.0297,18.9298,18.9753,QSO
20.1948,20.0325,19.8316,19.6067,19.6371,QSO
23.0039,20.6247,19.0152,17.115,16.0692,STAR_LATE
20.7957,20.2217,19.916,19.5118,19.5018,QSO
20.9314,20.6186,20.5147,20.2424,20.3488,QSO
21.5962,19.5885,18.1639,16.7669,15.974,STAR_LATE
26.3261,22.9404,21.3579,19.4647,18.3976,STAR_LATE
21.2712,18.8351,17.3417,16.2167,15.5919,STAR_LATE
24.547,21.8786,20.303,18.4384,17.3805,STAR_LATE
19.6988,19.5809,19.5486,19.3206,19.3072,QSO
21.4807,19.0339,17.5906,16.6667,16.1399,STAR_LATE
23.4467,23.2839,21.6046,20.6015,20.3201,STAR_LATE
20.273,20.0093,19.6598,19.6346,19.5196,QSO
21.6126,20.7222,20.8522,20.7315,20.4211,HIZ_QSO
22.0685,19.8116,18.2571,16.8019,16.0131,STAR_LATE
21.4815,18.9145,17.445,16.4469,15.899,STAR_LATE
22.6097,20.7036,20.5167,20.3081,20.1596,HIZ_QSO
24.1612,23.6553,21.9951,19.5511,18.2133,STAR_LATE
23.7339,21.0975,20.027,19.9308,20.1122,HIZ_QSO
19.8765,19.8091,19.3412,19.084,18.6491,QSO
23.3692,20.7266,19.169,18.3217,17.7885,STAR_LATE
21.6648,19.1715,17.719,16.4714,16.3328,STAR_LATE
22.248,19.6466,17.381,16.1564,16.6458,STAR_LATE
25.6213,25.4871,23.1786,20.5291,18.486,STAR_LATE
20.2127,18.3397,16.2865,15.5515,15.1477,STAR_LATE
22.7212,22.0906,20.3513,18.086,16.8304,STAR_LATE
20.9462,18.5296,17.0876,16.285,15.8484,STAR_LATE
22.0881,20.9752,20.2253,19.5514,18.9908,STAR_LATE
24.1818,20.9981,20.2493,20.0241,19.9632,QSO
21.8701,19.6887,18.2316,16.784,16.0064,STAR_LATE
19.9409,19.8533,19.4912,19.346,19.4514,QSO
23.9519,22.4099,20.8486,18.5251,17.3096,STAR_LATE
19.8367,19.5937,19.3056,19.2829,19.1632,QSO
19.9276,19.4897,19.4236,19.4679,19.3935,QSO
19.0328,18.6368,18.1306,17.645,17.4494,QSO
19.0431,18.9947,18.6875,18.2155,18.2455,QSO
19.8702,18.9987,18.2599,17.7338,17.4745,QSO
20.3518,20.0563,19.7172,19.452,19.4275,QSO
20.1124,19.8021,19.3811,19.2288,19.2303,QSO
18.8685,18.8125,18.6404,18.2692,18.3074,QSO
22.6321,22.837,21.3116,19.3621,17.6396,STAR_LATE
23.4578,21.4043,19.7583,18.1162,17.1886,STAR_LATE
19.5836,19.496,19.4854,19.2702,19.2949,QSO
25.1982,22.8288,21.0573,18.9543,17.7025,STAR_LATE
19.8845,19.0428,18.3479,17.7818,17.6745,QSO
18.4412,18.1763,18.2043,18.0279,17.9517,QSO
20.9674,18.3688,16.9219,15.9439,15.4226,STAR_LATE
19.5397,19.2488,19.3649,19.1238,18.8599,QSO
19.5992,19.6052,19.4325,19.3643,19.3438,QSO
19.4562,19.1832,19.3015,19.1263,19.0266,QSO
22.3966,20.5418,20.2228,20.1954,20.0481,HIZ_QSO
18.9661,18.5209,18.607,18.5889,18.5132,QSO
23.9572,22.8663,21.1532,19.0714,17.9517,STAR_LATE
19.9449,19.4409,18.644,18.1449,17.8365,QSO
19.2195,19.0906,18.9514,18.7064,18.5914,QSO
23.4272,20.9175,20.6315,20.549,20.5084,HIZ_QSO
19.6752,19.4428,19.1316,19.1294,19.1167,QSO
18.9984,18.6013,18.6396,18.4394,18.5142,QSO
22.7112,20.8746,18.8267,18.0286,17.5548,STAR_LATE
24.2213,23.6643,21.7767,19.3271,17.8815,STAR_LATE
23.5762,19.5434,19.1003,18.9759,18.968,HIZ_QSO
20.9604,18.5655,17.3544,16.842,16.5499,STAR_LATE
19.9056,19.5229,19.3146,18.4116,17.6857,STAR_LATE
24.3781,24.4375,23.2475,20.5955,19.0629,STAR_LATE
19.7375,19.4414,19.3765,19.0901,18.8311,QSO
19.2607,18.5919,18.0717,18.0306,17.8777,QSO
25.6882,25.3193,23.2321,20.3917,18.8596,STAR_LATE
19.3536,19.1411,19.1268,19.1021,18.9617,QSO
22.4946,20.9781,20.7308,20.1438,19.4306,QSO
19.5104,18.718,18.1288,17.5991,17.5195,QSO
20.596,19.8168,19.2996,19.0135,18.9559,QSO
19.4814,19.2564,19.1085,18.9791,18.5864,QSO
23.1461,20.2998,18.8121,17.7495,17.5059,STAR_LATE
24.687,20.963,19.8113,19.71,19.556,HIZ_QSO
20.0872,19.372,19.3357,19.341,19.1303,HIZ_QSO
18.9632,18.6589,18.4907,18.1951,17.9314,QSO
19.3101,18.8799,18.5767,18.5111,18.3742,QSO
20.3141,20.2617,19.9165,19.7993,19.885,QSO
20.6328,18.1419,16.7936,16.1136,15.7268,STAR_LATE
20.0152,19.3078,18.6746,18.2275,18.0126,QSO
19.731,19.6888,19.5896,19.4589,19.4055,QSO
19.9668,19.4058,19.329,19.2084,18.8871,QSO
20.0935,19.4156,19.0372,18.0468,17.3049,STAR_LATE
24.5357,22.9635,21.0624,20.4243,20.0601,QSO
20.5927,20.7213,20.4172,20.3406,20.282,QSO
23.7061,21.2302,19.6219,18.0453,17.2092,STAR_LATE
23.643,24.2274,22.6694,20.3397,18.7756,STAR_LATE
21.791,19.3517,17.905,17.1474,16.7038,STAR_LATE
23.9493,24.4429,22.5382,19.8542,18.3736,STAR_LATE
19.665,19.4697,19.3245,19.3684,19.3669,QSO
23.3936,21.5372,20.2558,19.1314,18.5514,STAR_LATE
19.1181,18.8386,18.8495,18.6952,18.6825,QSO
19.4001,19.1186,18.9835,18.8592,18.9062,QSO
20.4897,19.7722,19.8474,19.7759,19.4725,QSO
21.8854,20.1962,18.9375,18.7201,18.2426,QSO
19.4631,19.3083,19.2665,19.087,19.0817,QSO
20.7504,20.1572,19.9524,20.1067,19.7232,QSO
24.2773,22.7028,21.2873,19.8491,19.368,STAR_LATE
21.7176,19.8876,18.819,17.9814,17.4828,STAR_LATE
19.1878,19.0822,18.8724,18.91,18.892,QSO
23.8426,20.9402,19.3312,18.1802,17.5521,STAR_LATE
23.9024,25.7881,24.0373,20.9451,19.3111,STAR_LATE
19.4167,19.2411,18.9354,18.861,18.851,QSO
23.4665,19.946,19.2273,19.029,18.9079,HIZ_QSO
20.0165,19.5925,19.1305,18.9835,18.895,QSO
19.4761,19.2989,19.2767,19.0036,19.1138,QSO
19.7396,19.2165,19.1403,19.1853,19.0761,HIZ_QSO
22.4251,19.5695,19.4663,19.5602,19.4928,QSO
19.8496,19.5481,19.349,19.0892,19.0474,QSO
21.7621,19.7803,18.6028,18.0678,17.7553,QSO
17.3767,17.1984,17.1619,17.0148,17.0573,QSO
19.0417,19.0175,18.7483,18.7134,18.8224,QSO
19.3877,19.3285,19.0025,18.7675,18.4974,QSO
20.1297,19.7759,19.6023,19.3969,19.4537,QSO
20.3573,19.3874,18.5229,17.9918,17.7433,QSO
20.2777,19.9048,19.5077,19.2645,19.0798,QSO
19.8059,19.4616,19.1485,18.8405,18.7652,QSO
20.3785,19.8049,19.4004,19.0989,18.8162,QSO
19.5941,19.4936,19.3165,19.3135,19.3281,QSO
20.9155,18.3545,16.9003,15.6384,14.9831,STAR_LATE
19.4716,19.1925,19.1513,18.9533,18.9013,QSO
19.5431,19.3135,19.0771,19.0652,19.0387,QSO
19.5716,19.2181,19.003,18.8242,18.7498,QSO
20.6959,20.311,19.725,19.2552,19.3177,QSO
19.5586,19.2985,19.2763,19.0813,19.1868,QSO
19.5729,19.3808,19.1797,19.1576,19.2365,QSO
20.4744,19.7934,19.0519,18.6048,18.3141,QSO
19.063,18.8378,18.9397,18.7226,18.4926,QSO
19.089,18.7978,18.8157,18.6806,18.5585,QSO
24.5195,22.2311,20.941,19.9065,19.6155,STAR_LATE
19.7068,19.3978,18.9727,18.6186,18.4956,QSO
20.0173,19.9065,19.879,19.4851,19.6416,QSO
19.8345,19.5781,19.526,19.4841,19.5,QSO
20.5795,19.9331,19.7122,19.2183,19.1193,QSO
19.1236,18.9091,18.952,18.8832,18.8806,QSO
19.9754,19.5921,19.387,19.4451,19.3476,QSO
19.8373,19.5185,19.3043,19.2478,18.901,QSO
19.3214,19.2043,18.6958,18.26,18.0572,QSO
20.2463,19.5976,19.5751,19.5051,19.2203,QSO
18.4484,18.1964,18.0302,18.1042,18.1965,QSO
19.5904,19.4964,19.4022,19.3422,19.2043,QSO
18.3302,18.253,18.0994,17.9058,17.7967,QSO
19.5931,19.575,19.5234,19.2817,19.3181,QSO
21.0062,18.5106,17.0924,16.1379,15.6368,STAR_LATE
19.7652,17.1643,15.8767,15.3001,14.9724,STAR_LATE
20.043,19.85,19.7344,19.4527,19.4197,QSO
20.4036,19.9601,19.3077,19.1289,19.1311,QSO
25.0605,22.1575,20.7601,19.5879,19.2967,STAR_LATE
18.8492,18.2215,18.1911,18.1482,17.9296,HIZ_QSO
18.9659,18.7192,18.6157,18.543,18.371,QSO
17.9129,17.5462,17.5257,17.568,17.4453,QSO
20.2383,19.8735,19.3123,19.0639,18.6963,QSO
19.7249,19.5913,19.4601,19.3771,19.4455,QSO
20.3219,19.6823,19.4157,19.304,18.9955,QSO
18.7373,18.4463,18.1767,18.2211,18.1862,QSO
19.8292,19.3883,19.4007,19.185,19.1512,QSO
18.8403,18.8811,18.4825,18.3088,17.6907,QSO
19.1493,18.7893,18.6147,18.7181,18.627,QSO
19.6568,18.9903,18.9321,18.6082,18.3584,QSO
19.2393,18.6143,18.2917,18.2681,17.7143,QSO
19.8766,19.6565,19.6462,19.4623,19.5823,QSO
17.7446,17.6406,17.4794,17.1729,17.3178,QSO
19.3076,19.1331,19.0887,18.9939,18.8196,QSO
21.2278,19.5112,19.1641,19.0811,18.9767,HIZ_QSO
18.9007,18.8222,18.6921,18.8482,18.821,QSO
20.4232,20.0735,19.7133,19.3618,19.2823,QSO
19.0363,19.0691,19.0764,18.8577,18.7971,QSO
20.1561,19.5733,19.0177,18.8951,18.8767,QSO
22.0944,20.8266,19.9205,19.1289,18.6368,STAR_LATE
25.1701,21.4738,20.553,20.5368,20.6625,QSO
18.9505,18.772,18.6407,18.6329,18.2381,QSO
19.5446,19.5632,19.2575,19.126,19.1996,QSO
19.5133,19.3799,19.1506,19.1706,19.2418,QSO
21.4972,19.0291,17.6173,16.2664,15.5427,STAR_LATE
19.0556,18.8892,18.8175,18.581,18.5655,QSO
19.5165,19.0632,18.9985,18.941,18.8053,QSO
19.8773,19.6879,19.5796,19.3466,19.4989,QSO
24.0998,22.4176,20.9065,19.8401,19.4884,STAR_LATE
19.7032,19.0579,18.8837,18.8036,18.7654,QSO
22.1553,20.369,19.0993,18.3914,18.0575,STAR_LATE
19.9904,19.2772,18.5775,18.1991,17.9638,QSO
18.7979,18.6292,18.4771,18.4383,18.518,QSO
22.9847,21.047,19.6233,18.7973,18.7386,STAR_LATE
24.4899,23.02,21.4431,20.3537,20.408,STAR_LATE
20.0461,19.8389,19.7386,19.3396,19.3432,QSO
19.3592,19.0619,19.0967,19.2226,19.0889,QSO
23.35,24.3408,21.8756,20.5491,20.2033,QSO
22.8162,20.568,20.3321,20.5295,20.3963,HIZ_QSO
19.2464,18.9422,18.6495,18.359,18.3177,QSO
19.9716,19.837,19.7916,19.4316,19.168,QSO
19.5832,19.2839,19.1737,19.2926,19.1437,QSO
19.5451,18.8443,18.8424,18.8314,18.5593,QSO
25.5285,21.6311,20.4694,20.2831,20.1708,HIZ_QSO
19.2684,19.0941,18.7955,18.824,18.8023,QSO
19.8352,19.4013,19.2054,18.9324,18.862,QSO
20.6383,20.3497,19.6815,19.1978,19.1461,QSO
19.329,19.2899,19.0086,19.0089,19.1022,QSO
22.4643,20.2409,20.0243,20.2063,20.07,QSO
19.7093,19.5342,19.5029,19.2921,19.2751,QSO
23.4278,21.0093,20.6424,20.632,20.4391,HIZ_QSO
19.7508,19.5518,19.2825,19.1409,18.9394,QSO
19.6407,19.3558,19.1895,18.9509,18.8605,QSO
19.7749,19.5871,19.4739,19.378,19.285,QSO
20.1939,20.0111,19.8088,19.448,19.2641,QSO
19.4314,19.2883,19.1447,19.2421,19.263,QSO
18.2604,18.1658,18.1278,18.1001,18.1524,QSO
20.0902,19.6843,19.4107,19.1191,19.1702,QSO
19.4807,19.2837,19.0974,19.0439,19.1047,QSO
21.5598,19.1297,17.7305,16.9719,16.5423,STAR_LATE
24.0999,21.2208,20.6459,18.9349,18.4315,STAR_LATE
19.4914,19.3891,19.2964,19.0467,18.9419,QSO
19.5643,19.4963,19.3307,19.388,19.4115,QSO
19.0938,19.053,18.9798,18.8821,18.4193,QSO
17.8755,17.8907,17.8095,17.8389,17.3642,QSO
24.4896,21.9449,20.3026,20.4024,20.2079,HIZ_QSO
17.8898,17.7647,17.5074,17.446,17.4648,QSO
19.5654,19.4413,19.2167,19.0681,19.1672,QSO
19.4602,18.7956,18.6954,18.5358,18.29,QSO
19.9174,19.7449,19.6637,19.439,19.0007,QSO
19.9877,19.5616,19.3253,19.3123,19.1818,QSO
19.5864,19.0203,18.7467,18.8041,18.5241,QSO
19.7871,19.6157,19.4888,19.249,19.2241,QSO
22.8474,21.1893,20.1752,20.1533,20.2021,HIZ_QSO
18.8942,18.7886,18.6074,18.6958,18.7976,QSO
19.078,19.0277,18.7118,18.647,18.727,QSO
20.1752,19.5811,19.3894,19.3697,19.0847,QSO
